,"(x0, y0)",converged to,closest fp,stability,success
0,"(0.1796257516932195, -0.1241661309013235)","(0.000748774386011064, -0.00011634528345894068)","(0.0, 0.0)",unstable,False
0,"(0.5605419126912585, -0.1694863758218229)","(0.0014098644023761153, -0.0004310697258915752)","(0.0, 0.0)",unstable,False
0,"(-0.10852615875215611, 0.04953207082625021)","(-0.0005755946040153503, 0.0005198844010010362)","(0.0, 0.0)",unstable,False
0,"(-0.18408426021039617, 0.11278125477696573)","(-0.0012827843893319368, 0.0007228806498460472)","(0.0, 0.0)",unstable,False
0,"(-0.0804266361729901, 0.3628040076190692)","(-0.0004555836203508079, 0.0031812130473554134)","(0.0, 0.0)",unstable,False
0,"(0.16480859034806278, 0.2325577549548016)","(0.0032266825437545776, 0.003261864185333252)","(0.0, 0.0)",unstable,False
0,"(0.25793251971731784, -0.19859760686315914)","(0.003777152393013239, -0.0020944923162460327)","(0.0, 0.0)",unstable,False
0,"(0.1596723894530365, 0.15453042802694536)","(0.0006623029476031661, 0.0004348725196905434)","(0.0, 0.0)",unstable,False
0,"(0.3755454940557219, -0.7283057754909991)","(-0.003686249256134033, 2.0122270584106445)","(0.0, 2.0)",stable,False
0,"(0.3559716623050379, -0.5302502618754098)","(0.0024331032764166594, -0.00267946720123291)","(0.0, 0.0)",unstable,False
0,"(0.29310017347337436, 0.09831819764623283)","(0.004239094443619251, 0.0010356620186939836)","(0.0, 0.0)",unstable,False
0,"(-0.5027533088850353, 0.7365457576836544)","(-0.003929316997528076, 0.0018891453510150313)","(0.0, 0.0)",unstable,False
0,"(-0.5949798866816117, 0.4843116562312977)","(0.0015433788066729903, 1.9994494915008545)","(0.0, 2.0)",stable,True
0,"(-0.0375081988816232, 0.5321581466686471)","(9.085833880817518e-05, 0.0036289929412305355)","(0.0, 0.0)",unstable,False
0,"(-0.3365664681135509, -0.381916132689653)","(-0.06663414090871811, -0.1148470863699913)",,,False
0,"(0.24984548280814983, -0.23369058952061153)","(0.0026240735314786434, -0.0030867457389831543)","(0.0, 0.0)",unstable,False
0,"(-0.5079231499044221, -0.1016826859271157)","(-0.09041840583086014, -0.0009725734707899392)","(0.0, 0.0)",unstable,False
0,"(0.03956047189629659, 0.24856151089473272)","(0.0006978735327720642, 0.0011856794590130448)","(0.0, 0.0)",unstable,False
0,"(-0.3824284797243655, -0.05927959764382223)","(-0.053185880184173584, -0.00525313476100564)","(0.0, 0.0)",unstable,False
0,"(0.5704265780005447, -0.15896263590290774)","(0.001963925315067172, 0.00021852254576515406)","(0.0, 0.0)",unstable,False
0,"(0.12107010520190004, -0.12353971666210409)","(0.0013236433733254671, -0.0015474662650376558)","(0.0, 0.0)",unstable,False
0,"(-0.3139975319485813, 0.4966737036511648)","(-0.0028498233295977116, 0.0035146712325513363)","(0.0, 0.0)",unstable,False
0,"(-0.33870946463212215, 0.11510283013873976)","(-0.0016600966919213533, -0.00048495829105377197)","(0.0, 0.0)",unstable,False
0,"(-0.1280290639057066, 0.39325149088460826)","(-0.0007538587087765336, 0.0020062148105353117)","(0.0, 0.0)",unstable,False
0,"(0.42127520707062915, 0.30137353302613684)","(0.0051766992546617985, 0.0031701624393463135)","(0.0, 0.0)",unstable,False
0,"(0.10169597305115687, -0.23814574478909367)","(0.0017452925676479936, -0.002305814530700445)","(0.0, 0.0)",unstable,False
0,"(0.00616111049791197, -0.22320520196239726)","(-0.0010566959390416741, -0.001591780805028975)","(0.0, 0.0)",unstable,False
0,"(-0.8762144634185838, 0.0288785166003839)","(-0.21781830489635468, 0.172047957777977)",,,False
0,"(0.11608428605216026, 0.2403917912193368)","(0.0006709053996019065, 0.001202848507091403)","(0.0, 0.0)",unstable,False
0,"(0.2638846865096634, -0.20017841715450901)","(0.0026795268058776855, -0.0018932014936581254)","(0.0, 0.0)",unstable,False
0,"(0.10513428013417216, 0.22185997944979127)","(0.0005337760085240006, 0.0013363927137106657)","(0.0, 0.0)",unstable,False
0,"(0.3014926107141074, -0.0804330286900981)","(0.003643214702606201, -0.0012505396734923124)","(0.0, 0.0)",unstable,False
0,"(-0.1371730989897502, 0.06072713965630111)","(-0.0011658042203634977, -0.0001755587727529928)","(0.0, 0.0)",unstable,False
0,"(0.25857446108770527, -0.373758063452054)","(0.0016139209037646651, -0.005133158061653376)","(0.0, 0.0)",unstable,False
0,"(-0.1017937162230238, 0.16073875485741806)","(-0.00021882056898903102, 0.0006218522903509438)","(0.0, 0.0)",unstable,False
0,"(-0.4973385713632009, 0.08228477014153042)","(-0.0011321663623675704, -0.000689455890096724)","(0.0, 0.0)",unstable,False
0,"(0.04028189990005499, 0.3419769260271978)","(0.0001437991886632517, 0.0013443112839013338)","(0.0, 0.0)",unstable,False
0,"(-0.10325631627381661, 0.4010221502689079)","(-0.0006470054504461586, 0.0023074031341820955)","(0.0, 0.0)",unstable,False
0,"(0.1902229500902797, -0.15334934783947968)","(0.002236604690551758, -0.0011638880241662264)","(0.0, 0.0)",unstable,False
0,"(-0.21937719562568744, -0.03140097064749309)","(-0.021009722724556923, -0.00351311219856143)","(0.0, 0.0)",unstable,False
0,"(0.055364935531994265, 0.20890825812133193)","(0.00030444710864685476, 0.0005683749914169312)","(0.0, 0.0)",unstable,False
0,"(-0.19985541987340355, 0.19548843179916367)","(-0.0008921176195144653, 0.0004032999277114868)","(0.0, 0.0)",unstable,False
0,"(-0.15358043525322806, 0.09818613933033811)","(-0.0016574293840676546, 0.0008241191389970481)","(0.0, 0.0)",unstable,False
0,"(-0.095186157057339, 0.13408920358250134)","(-0.0003089710953645408, 0.0004970401641912758)","(0.0, 0.0)",unstable,False
0,"(0.07455671725930949, -0.5681883822720948)","(-0.0003788411559071392, -0.006419646553695202)","(0.0, 0.0)",unstable,False
0,"(0.36668510215310474, -0.13876090690386544)","(0.003401458263397217, -0.0012221366632729769)","(0.0, 0.0)",unstable,False
0,"(0.198760122525796, -0.4021419974460395)","(0.00044088662252761424, -0.0034257173538208008)","(0.0, 0.0)",unstable,False
0,"(-0.3726855180457696, 0.35221305406846487)","(-0.0026620267890393734, 0.0013917386531829834)","(0.0, 0.0)",unstable,False
0,"(0.3697052774829161, 0.019029567374650978)","(0.0030402005650103092, -0.0011103569995611906)","(0.0, 0.0)",unstable,False
0,"(0.009042473736720487, 0.2674522829526024)","(-5.2002258598804474e-05, 0.0015498161083087325)","(0.0, 0.0)",unstable,False
0,"(0.5170054402642632, 1.128275112641143)","(6.52551680104807e-05, 2.0004653930664062)","(0.0, 2.0)",stable,True
0,"(1.2892937183956494, 1.370086057583501)","(0.9837042093276978, 1.0115740299224854)","(1.0, 1.0)",unstable,False
0,"(0.41063867983798097, 0.8118580604853289)","(0.23387643694877625, 1.6736491918563843)",,,False
0,"(0.5855075574485387, 0.9401303146296397)","(0.967084527015686, 1.0231322050094604)","(1.0, 1.0)",unstable,False
0,"(1.1572367824433274, 0.35235189317298554)","(3.0009865760803223, -0.00037506819353438914)","(3.0, 0.0)",stable,True
0,"(1.036976814881324, 0.596495625490663)","(2.549618721008301, 0.163904070854187)",,,False
0,"(0.6028792288557299, 0.9861873800422211)","(-0.0023316622246056795, 1.999924659729004)","(0.0, 2.0)",stable,True
0,"(1.1859877041060836, 0.8280688151595745)","(3.0048179626464844, -0.0032027841079980135)","(3.0, 0.0)",stable,True
0,"(1.3078312578177278, 1.3812022968202715)","(0.9294257164001465, 1.0498883724212646)","(1.0, 1.0)",unstable,False
0,"(0.7951813170512978, 0.7899039789336182)","(1.0053484439849854, 0.9964379072189331)","(1.0, 1.0)",unstable,False
0,"(1.4349807565168544, 1.301711241587371)","(0.9988375902175903, 0.9994190335273743)","(1.0, 1.0)",unstable,False
0,"(1.458699083073462, 0.9627445352477504)","(1.0470521450042725, 0.96698397397995)","(1.0, 1.0)",unstable,False
0,"(1.3425557563446737, 1.0424006404070254)","(1.0314860343933105, 0.9780035018920898)","(1.0, 1.0)",unstable,False
0,"(0.6858712781309466, 1.2790307450780176)","(-6.197691254783422e-05, 2.0001044273376465)","(0.0, 2.0)",stable,True
0,"(0.4763734981012595, 1.0577773590224908)","(0.0004627644957508892, 1.999467134475708)","(0.0, 2.0)",stable,True
0,"(0.9485150508161097, 1.0580446966211463)","(0.5141839981079102, 1.387716293334961)",,,False
0,"(1.1371573389896081, 1.1603776302160713)","(0.993219256401062, 1.004187822341919)","(1.0, 1.0)",unstable,False
0,"(1.4730933137600988, 0.8829850069198829)","(3.0071957111358643, -0.004526591394096613)","(3.0, 0.0)",stable,True
0,"(1.1269751940683563, 1.5801274014069275)","(0.9664673805236816, 1.0250704288482666)","(1.0, 1.0)",unstable,False
0,"(1.3429155367635568, 0.9149712126052806)","(2.9998281002044678, -0.0005845427513122559)","(3.0, 0.0)",stable,True
0,"(0.7290712410325155, 0.8319737797666097)","(0.9965592622756958, 1.0025449991226196)","(1.0, 1.0)",unstable,False
0,"(1.0902288151161021, 0.5362838077915061)","(2.999096393585205, 0.0006178617477416992)","(3.0, 0.0)",stable,True
0,"(0.7687152703052959, 1.3406828648017644)","(-0.0006287217256613076, 1.9991302490234375)","(0.0, 2.0)",stable,True
0,"(1.3073545270619258, 1.195321777621947)","(1.0089877843856812, 0.9936076998710632)","(1.0, 1.0)",unstable,False
0,"(1.354701732572884, 1.1219599561564526)","(1.019415020942688, 0.9856664538383484)","(1.0, 1.0)",unstable,False
0,"(1.2696258078548452, 1.396772206978727)","(0.96324622631073, 1.02627432346344)","(1.0, 1.0)",unstable,False
0,"(1.475067337987022, 0.5782727720431287)","(3.0003418922424316, 0.00016976594633888453)","(3.0, 0.0)",stable,True
0,"(0.8899988724480422, 0.9766708720979369)","(0.9904707074165344, 1.0067510604858398)","(1.0, 1.0)",unstable,False
0,"(1.4829570592002133, 1.6338857461018252)","(-0.0018408059841021895, 0.0018807888263836503)","(0.0, 0.0)",unstable,False
0,"(1.0713536241010682, 0.984850950855624)","(1.054002046585083, 0.9624432325363159)","(1.0, 1.0)",unstable,False
0,"(0.9500915551465818, 0.996897877006611)","(0.9824709892272949, 1.0122298002243042)","(1.0, 1.0)",unstable,False
0,"(1.0415971164298958, 1.5188577227767053)","(0.9531418681144714, 1.034072756767273)","(1.0, 1.0)",unstable,False
0,"(0.9273397008332587, 0.6481756709723132)","(1.0479408502578735, 0.9685371518135071)","(1.0, 1.0)",unstable,False
0,"(1.1592476759714423, 1.1949800279641196)","(0.9946471452713013, 1.001723289489746)","(1.0, 1.0)",unstable,False
0,"(0.6720974276880606, 0.8097824290653323)","(0.9902611970901489, 1.0065031051635742)","(1.0, 1.0)",unstable,False
0,"(0.7417239336248671, 0.59206912362347)","(2.997866153717041, 0.0013965845573693514)","(3.0, 0.0)",stable,True
0,"(1.6084586170475839, 0.7871565006586071)","(2.999558210372925, -0.0004925489192828536)","(3.0, 0.0)",stable,True
0,"(1.3055086676355294, 0.5873910869343218)","(3.0006508827209473, -0.00042492151260375977)","(3.0, 0.0)",stable,True
0,"(1.4999651941575822, 1.1418873078356322)","(1.0275095701217651, 0.9806278347969055)","(1.0, 1.0)",unstable,False
0,"(1.2031699906677567, 1.4712440615149274)","(0.963330090045929, 1.0260236263275146)","(1.0, 1.0)",unstable,False
0,"(0.5265100500842834, 0.9865446850496249)","(4.863739013671875e-05, 1.9999281167984009)","(0.0, 2.0)",stable,True
0,"(1.2535175284466615, 1.0404503892500634)","(1.0424617528915405, 0.9703777432441711)","(1.0, 1.0)",unstable,False
0,"(1.2163416513436416, 1.029160566764084)","(1.0105714797973633, 0.991864025592804)","(1.0, 1.0)",unstable,False
0,"(0.758240377739998, 0.7781905470673744)","(1.007374882698059, 0.9945513010025024)","(1.0, 1.0)",unstable,False
0,"(0.6167365134728952, 1.0888178067644454)","(-0.0011981248389929533, 2.0035240650177)","(0.0, 2.0)",stable,True
0,"(1.0327504420209908, 1.105845879839665)","(0.9776026606559753, 1.0157957077026367)","(1.0, 1.0)",unstable,False
0,"(1.3571753470744101, 1.1654344420135607)","(1.0063676834106445, 0.9969879388809204)","(1.0, 1.0)",unstable,False
0,"(1.1354687728087691, 1.173859440664315)","(0.9868535995483398, 1.0090619325637817)","(1.0, 1.0)",unstable,False
0,"(0.9872613554058501, 1.1698426017927288)","(0.44062167406082153, 1.4555734395980835)",,,False
0,"(0.9976392056673212, 1.1213459760327187)","(0.9811829328536987, 1.013871431350708)","(1.0, 1.0)",unstable,False
0,"(-0.48299455973573685, 2.128275112641143)","(1.4477967852144502e-05, 2.000089168548584)","(0.0, 2.0)",stable,True
0,"(0.28929371839564944, 2.3700860575835008)","(-0.0010547280544415116, 1.9991706609725952)","(0.0, 2.0)",stable,True
0,"(-0.589361320162019, 1.811858060485329)","(-0.00010030269913841039, 1.999873399734497)","(0.0, 2.0)",stable,True
0,"(-0.41449244255146134, 1.9401303146296396)","(3.3539534342708066e-05, 2.0002448558807373)","(0.0, 2.0)",stable,True
0,"(0.1572367824433274, 1.3523518931729854)","(-9.309649612987414e-05, 2.0002059936523438)","(0.0, 2.0)",stable,True
0,"(0.03697681488132416, 1.596495625490663)","(2.2427737349062227e-05, 2.0000722408294678)","(0.0, 2.0)",stable,True
0,"(-0.3971207711442701, 1.9861873800422212)","(-0.0007531881565228105, 1.9997141361236572)","(0.0, 2.0)",stable,True
0,"(0.1859877041060835, 1.8280688151595745)","(-0.00024571121321059763, 2.0002963542938232)","(0.0, 2.0)",stable,True
0,"(0.30783125781772785, 2.3812022968202715)","(-0.00029801129130646586, 1.999455451965332)","(0.0, 2.0)",stable,True
0,"(-0.20481868294870217, 1.7899039789336182)","(0.0004420250770635903, 2.000204563140869)","(0.0, 2.0)",stable,True
0,"(0.4349807565168545, 2.301711241587371)","(0.00014715194993186742, 2.000053882598877)","(0.0, 2.0)",stable,True
0,"(0.4586990830734622, 1.9627445352477504)","(0.0005329966661520302, 2.0000908374786377)","(0.0, 2.0)",stable,True
0,"(0.3425557563446738, 2.0424006404070254)","(-5.1093102229060605e-05, 2.0000147819519043)","(0.0, 2.0)",stable,True
0,"(-0.31412872186905344, 2.2790307450780176)","(3.097653461736627e-05, 2.0001025199890137)","(0.0, 2.0)",stable,True
0,"(-0.5236265018987405, 2.0577773590224906)","(-0.00020635128021240234, 1.9999654293060303)","(0.0, 2.0)",stable,True
0,"(-0.05148494918389034, 2.0580446966211463)","(-2.3208558559417725e-06, 2.000027894973755)","(0.0, 2.0)",stable,True
0,"(0.1371573389896082, 2.1603776302160713)","(3.765225483221002e-05, 1.9999256134033203)","(0.0, 2.0)",stable,True
0,"(0.4730933137600988, 1.882985006919883)","(-0.00022823810286354274, 1.9999618530273438)","(0.0, 2.0)",stable,True
0,"(0.12697519406835645, 2.5801274014069273)","(0.00014162660227157176, 2.000143051147461)","(0.0, 2.0)",stable,True
0,"(0.3429155367635569, 1.9149712126052805)","(-0.001098287058994174, 2.0001983642578125)","(0.0, 2.0)",stable,True
0,"(-0.2709287589674845, 1.8319737797666096)","(-0.00018906593322753906, 1.9998424053192139)","(0.0, 2.0)",stable,True
0,"(0.09022881511610213, 1.5362838077915062)","(0.0005508303875103593, 2.0018601417541504)","(0.0, 2.0)",stable,True
0,"(-0.23128472969470418, 2.3406828648017646)","(0.0009102433687075973, 1.998827576637268)","(0.0, 2.0)",stable,True
0,"(0.30735452706192584, 2.1953217776219467)","(-2.332329677301459e-05, 1.9997838735580444)","(0.0, 2.0)",stable,True
0,"(0.3547017325728842, 2.1219599561564526)","(-7.658600952709094e-05, 2.0001564025878906)","(0.0, 2.0)",stable,True
0,"(0.26962580785484536, 2.396772206978727)","(0.0013193010818213224, 2.001973867416382)","(0.0, 2.0)",stable,True
0,"(0.47506733798702205, 1.5782727720431287)","(1.6576052075834014e-05, 1.9997438192367554)","(0.0, 2.0)",stable,True
0,"(-0.11000112755195776, 1.976670872097937)","(0.00010927766561508179, 2.0000553131103516)","(0.0, 2.0)",stable,True
0,"(0.48295705920021326, 2.633885746101825)","(0.0007671117782592773, 2.000368595123291)","(0.0, 2.0)",stable,True
0,"(0.07135362410106807, 1.984850950855624)","(5.292594505590387e-05, 2.000016689300537)","(0.0, 2.0)",stable,True
0,"(-0.04990844485341812, 1.996897877006611)","(-7.806494977558032e-05, 2.0000357627868652)","(0.0, 2.0)",stable,True
0,"(0.04159711642989577, 2.5188577227767053)","(-0.00032308921799995005, 1.9995527267456055)","(0.0, 2.0)",stable,True
0,"(-0.07266029916674131, 1.6481756709723132)","(3.471076342975721e-05, 2.000112533569336)","(0.0, 2.0)",stable,True
0,"(0.15924767597144238, 2.1949800279641196)","(-0.00011243522021686658, 2.000244140625)","(0.0, 2.0)",stable,True
0,"(-0.3279025723119394, 1.8097824290653322)","(-0.0002499282418284565, 1.9997812509536743)","(0.0, 2.0)",stable,True
0,"(-0.2582760663751329, 1.59206912362347)","(-2.2912025087862276e-05, 1.9998528957366943)","(0.0, 2.0)",stable,True
0,"(0.608458617047584, 1.787156500658607)","(-0.0002579212305136025, 1.999794363975525)","(0.0, 2.0)",stable,True
0,"(0.3055086676355295, 1.5873910869343217)","(0.0005835473421029747, 1.9992377758026123)","(0.0, 2.0)",stable,True
0,"(0.49996519415758217, 2.141887307835632)","(-6.833076622569934e-05, 1.9998546838760376)","(0.0, 2.0)",stable,True
0,"(0.20316999066775665, 2.4712440615149274)","(0.0008955389494076371, 2.000788450241089)","(0.0, 2.0)",stable,True
0,"(-0.4734899499157165, 1.986544685049625)","(-0.00021933317475486547, 1.9999706745147705)","(0.0, 2.0)",stable,True
0,"(0.25351752844666164, 2.040450389250063)","(-0.00020591616339515895, 1.9999520778656006)","(0.0, 2.0)",stable,True
0,"(0.21634165134364156, 2.0291605667640837)","(-2.816319465637207e-06, 2.000046968460083)","(0.0, 2.0)",stable,True
0,"(-0.241759622260002, 1.7781905470673744)","(-4.999339580535889e-05, 1.9997895956039429)","(0.0, 2.0)",stable,True
0,"(-0.38326348652710485, 2.0888178067644456)","(-0.0002935350057668984, 2.0008177757263184)","(0.0, 2.0)",stable,True
0,"(0.032750442020990755, 2.105845879839665)","(-1.3087689694657456e-05, 1.999916434288025)","(0.0, 2.0)",stable,True
0,"(0.3571753470744101, 2.1654344420135607)","(0.00041513441829010844, 2.000166654586792)","(0.0, 2.0)",stable,True
0,"(0.13546877280876904, 2.173859440664315)","(0.002154937479645014, 2.0037200450897217)","(0.0, 2.0)",stable,True
0,"(-0.012738644594149846, 2.169842601792729)","(-7.447097596013919e-05, 2.0001220703125)","(0.0, 2.0)",stable,True
0,"(-0.002360794332678766, 2.1213459760327185)","(0.00013088202103972435, 2.000911235809326)","(0.0, 2.0)",stable,True
0,"(2.517005440264263, 0.12827511264114294)","(2.999833106994629, -1.7452239262638614e-05)","(3.0, 0.0)",stable,True
0,"(3.2892937183956494, 0.37008605758350094)","(2.99999737739563, -0.0003722429391928017)","(3.0, 0.0)",stable,True
0,"(2.410638679837981, -0.1881419395146711)","(3.0001473426818848, 0.00017065108113456517)","(3.0, 0.0)",stable,True
0,"(2.5855075574485387, -0.059869685370360304)","(2.9999454021453857, 0.0004169665335211903)","(3.0, 0.0)",stable,True
0,"(3.157236782443327, -0.6476481068270145)","(3.000394582748413, 0.000980722950771451)","(3.0, 0.0)",stable,True
0,"(3.0369768148813243, -0.403504374509337)","(3.000002384185791, -0.0007634818321093917)","(3.0, 0.0)",stable,True
0,"(2.60287922885573, -0.01381261995777892)","(3.000596523284912, -0.00015138481103349477)","(3.0, 0.0)",stable,True
0,"(3.1859877041060836, -0.1719311848404255)","(3.0001401901245117, 5.882680488866754e-05)","(3.0, 0.0)",stable,True
0,"(3.307831257817728, 0.38120229682027146)","(2.9997920989990234, 0.000590080046094954)","(3.0, 0.0)",stable,True
0,"(2.795181317051298, -0.2100960210663818)","(3.000040054321289, -9.757280167832505e-06)","(3.0, 0.0)",stable,True
0,"(3.4349807565168544, 0.301711241587371)","(2.99772047996521, 0.00034986139507964253)","(3.0, 0.0)",stable,True
0,"(3.458699083073462, -0.03725546475224959)","(3.0002667903900146, -0.0001431338459951803)","(3.0, 0.0)",stable,True
0,"(3.342555756344674, 0.04240064040702545)","(3.0002481937408447, 4.150420500081964e-05)","(3.0, 0.0)",stable,True
0,"(2.6858712781309464, 0.2790307450780175)","(2.9993605613708496, 0.00043973923311568797)","(3.0, 0.0)",stable,True
0,"(2.4763734981012595, 0.05777735902249073)","(2.999898672103882, 4.551410529529676e-05)","(3.0, 0.0)",stable,True
0,"(2.9485150508161095, 0.058044696621146405)","(3.0000088214874268, 9.292513277614489e-05)","(3.0, 0.0)",stable,True
0,"(3.137157338989608, 0.16037763021607143)","(2.999840259552002, -8.405745029449463e-05)","(3.0, 0.0)",stable,True
0,"(3.4730933137600988, -0.11701499308011709)","(3.0002007484436035, -5.867034269613214e-05)","(3.0, 0.0)",stable,True
0,"(3.1269751940683563, 0.5801274014069275)","(2.998621702194214, 0.00015491247177124023)","(3.0, 0.0)",stable,True
0,"(3.342915536763557, -0.08502878739471942)","(2.9999234676361084, -7.088333222782239e-05)","(3.0, 0.0)",stable,True
0,"(2.7290712410325155, -0.16802622023339034)","(2.9999146461486816, -0.00021197795285843313)","(3.0, 0.0)",stable,True
0,"(3.090228815116102, -0.4637161922084939)","(3.000612258911133, 0.0010297835106030107)","(3.0, 0.0)",stable,True
0,"(2.7687152703052957, 0.3406828648017644)","(2.999999523162842, -8.749365952098742e-05)","(3.0, 0.0)",stable,True
0,"(3.307354527061926, 0.19532177762194683)","(2.9989421367645264, -0.00010949373245239258)","(3.0, 0.0)",stable,True
0,"(3.354701732572884, 0.12195995615645269)","(2.9993367195129395, 0.00010767429921543226)","(3.0, 0.0)",stable,True
0,"(3.2696258078548452, 0.39677220697872695)","(3.000605821609497, -0.00020611286163330078)","(3.0, 0.0)",stable,True
0,"(3.475067337987022, -0.42172722795687134)","(2.999951124191284, 0.000314176082611084)","(3.0, 0.0)",stable,True
0,"(2.889998872448042, -0.023329127902063148)","(3.000065565109253, 5.438923977862942e-08)","(3.0, 0.0)",stable,True
0,"(3.4829570592002135, 0.6338857461018252)","(3.0007588863372803, 0.0011161684524267912)","(3.0, 0.0)",stable,True
0,"(3.071353624101068, -0.01514904914437597)","(3.0000526905059814, -1.7921440303325653e-05)","(3.0, 0.0)",stable,True
0,"(2.950091555146582, -0.003102122993388914)","(2.999995708465576, 3.400729110580869e-05)","(3.0, 0.0)",stable,True
0,"(3.041597116429896, 0.5188577227767052)","(2.9981281757354736, 0.0003021717129740864)","(3.0, 0.0)",stable,True
0,"(2.927339700833259, -0.3518243290276868)","(3.0000364780426025, -3.6776065826416016e-05)","(3.0, 0.0)",stable,True
0,"(3.1592476759714425, 0.19498002796411965)","(2.9992682933807373, -0.00042848585871979594)","(3.0, 0.0)",stable,True
0,"(2.6720974276880605, -0.19021757093466776)","(3.0003268718719482, -9.940564632415771e-05)","(3.0, 0.0)",stable,True
0,"(2.741723933624867, -0.40793087637653)","(2.998835802078247, -0.0017587185138836503)","(3.0, 0.0)",stable,True
0,"(3.608458617047584, -0.21284349934139293)","(2.999298095703125, 0.0004317551793064922)","(3.0, 0.0)",stable,True
0,"(3.3055086676355296, -0.41260891306567815)","(2.9998884201049805, -0.0006228804704733193)","(3.0, 0.0)",stable,True
0,"(3.499965194157582, 0.14188730783563208)","(3.00028657913208, 0.00045231281546875834)","(3.0, 0.0)",stable,True
0,"(3.2031699906677567, 0.4712440615149274)","(2.9999725818634033, -9.064078039955348e-05)","(3.0, 0.0)",stable,True
0,"(2.5265100500842834, -0.013455314950375141)","(3.00016450881958, 7.732827361905947e-05)","(3.0, 0.0)",stable,True
0,"(3.2535175284466615, 0.04045038925006336)","(3.000102996826172, -0.00010243579890811816)","(3.0, 0.0)",stable,True
0,"(3.2163416513436416, 0.029160566764083944)","(3.0005555152893066, -0.0003639746573753655)","(3.0, 0.0)",stable,True
0,"(2.758240377739998, -0.22180945293262558)","(3.0000247955322266, 4.338622238719836e-05)","(3.0, 0.0)",stable,True
0,"(2.6167365134728953, 0.08881780676444544)","(2.9997169971466064, 0.00022666752920486033)","(3.0, 0.0)",stable,True
0,"(3.0327504420209905, 0.10584587983966517)","(3.000244140625, -1.4369189557328355e-05)","(3.0, 0.0)",stable,True
0,"(3.35717534707441, 0.16543444201356078)","(2.9994266033172607, -0.0008751332643441856)","(3.0, 0.0)",stable,True
0,"(3.135468772808769, 0.17385944066431505)","(2.9997382164001465, -0.00014181435108184814)","(3.0, 0.0)",stable,True
0,"(2.9872613554058502, 0.16984260179272884)","(2.9996886253356934, -5.0973892939509824e-05)","(3.0, 0.0)",stable,True
0,"(2.9976392056673213, 0.12134597603271868)","(2.99944806098938, 0.0001745373010635376)","(3.0, 0.0)",stable,True
