,Unnamed: 0,"(x0, y0)",converged to,closest fp,stability,success,x0,y0,converged to with reg,closest fp with reg,stability with reg,success with reg
0,0,"(0.3337297276843456, -0.7254401681834463)","(-0.0002970278146676719, 1.9968544244766235)","(0.0, 2.0)",stable,False,0.3337297276843456,-0.7254401681834463,"(0.00969836674630642, 1.9920705556869507)","(0.0, 2.0)",stable,False
1,0,"(0.17110949163060038, 0.3891592624172857)","(0.0001102209062082693, 0.00018133521371055394)","(0.0, 0.0)",unstable,False,0.17110949163060038,0.3891592624172857,"(3.123283477179939e-06, 2.000504970550537)","(0.0, 2.0)",stable,True
2,0,"(-0.9316426952173674, 0.07562441886018266)","(0.9757519960403442, 1.0169719457626343)","(1.0, 1.0)",unstable,False,-0.9316426952173674,0.07562441886018266,"(1.7189662456512451, 0.5516606569290161)",None,None,False
3,0,"(0.3552473081672652, 0.7934792974823692)","(0.26516905426979065, 1.6364185810089111)",,,False,0.3552473081672652,0.7934792974823692,"(0.00027382970438338816, 1.998509168624878)","(0.0, 2.0)",stable,True
4,0,"(-0.15709054606145811, 0.4763448169993564)","(-0.0015364378923550248, 0.0033450783230364323)","(0.0, 0.0)",unstable,False,-0.15709054606145811,0.4763448169993564,"(0.8426796197891235, 1.1144146919250488)",None,None,False
5,0,"(-0.25293365187408057, -0.21247790597866797)","(-0.03909676522016525, -0.05447336286306381)","(0.0, 0.0)",unstable,False,-0.25293365187408057,-0.21247790597866797,"(-0.03562765195965767, -0.049512602388858795)","(0.0, 0.0)",unstable,False
6,0,"(0.8178213587896507, -0.9435541336483884)","(2.9976646900177, 7.16328650014475e-05)","(3.0, 0.0)",stable,True,0.8178213587896507,-0.9435541336483884,"(3.006483554840088, -0.006386375520378351)","(3.0, 0.0)",stable,True
7,0,"(0.5602521913436753, 0.37625720940024143)","(2.6975183486938477, 0.1101442351937294)",,,False,0.5602521913436753,0.37625720940024143,"(2.3964226245880127, 0.2241518199443817)",None,None,False
8,0,"(0.7308670696518796, 0.03529960388440797)","(0.0067234160378575325, -0.0015915706753730774)","(0.0, 0.0)",unstable,False,0.7308670696518796,0.03529960388440797,"(2.9990618228912354, -0.001422099769115448)","(3.0, 0.0)",stable,True
9,0,"(-0.25528025809894084, -0.3202813007957742)","(-0.04195433109998703, -0.09063366800546646)","(0.0, 0.0)",unstable,False,-0.25528025809894084,-0.3202813007957742,"(-0.03702015429735184, -0.08529418706893921)","(0.0, 0.0)",unstable,False
10,0,"(0.7097123769366229, 0.05643709341261529)","(3.002652406692505, -0.001196064054965973)","(3.0, 0.0)",stable,True,0.7097123769366229,0.05643709341261529,"(2.9956870079040527, -0.0034066340886056423)","(3.0, 0.0)",stable,True
11,0,"(0.18395815113372052, 0.9988053008969021)","(-0.0014867514837533236, 2.0025432109832764)","(0.0, 2.0)",stable,True,0.18395815113372052,0.9988053008969021,"(0.00020234585099387914, 1.9995346069335938)","(0.0, 2.0)",stable,True
12,0,"(0.28334763056799517, -0.17215741964991724)","(0.0033560036681592464, -0.002300271298736334)","(0.0, 0.0)",unstable,False,0.28334763056799517,-0.17215741964991724,"(0.0026221275329589844, 2.0002403259277344)","(0.0, 2.0)",stable,False
13,0,"(0.39195512665857124, 0.010547861252052463)","(0.0009010374778881669, -0.0011000180384144187)","(0.0, 0.0)",unstable,False,0.39195512665857124,0.010547861252052463,"(3.0004076957702637, -0.0005881149554625154)","(3.0, 0.0)",stable,True
14,0,"(-0.260360912532387, 0.04717260110148329)","(-0.0023845494724810123, -0.0003159843327011913)","(0.0, 0.0)",unstable,False,-0.260360912532387,0.04717260110148329,"(2.768580675125122, 0.08398685604333878)",None,None,False
15,0,"(-0.13592884353494913, 0.005640654707269635)","(-0.007705813739448786, 0.0014725688379257917)","(0.0, 0.0)",unstable,False,-0.13592884353494913,0.005640654707269635,"(-0.0407639816403389, 0.23677709698677063)",None,None,False
16,0,"(-0.288054966474206, -0.09456847773447669)","(-0.03991604968905449, -0.019020024687051773)","(0.0, 0.0)",unstable,False,-0.288054966474206,-0.09456847773447669,"(-0.0390949510037899, -0.014273717999458313)","(0.0, 0.0)",unstable,False
17,0,"(-0.521623036870627, 0.3767282235338902)","(-0.0029327869415283203, 0.0019689141772687435)","(0.0, 0.0)",unstable,False,-0.521623036870627,0.3767282235338902,"(0.9817405939102173, 1.01926589012146)","(1.0, 1.0)",unstable,False
18,0,"(-0.9003255950872543, 0.8570014786552949)","(0.0003201603831257671, 1.9987423419952393)","(0.0, 2.0)",stable,True,-0.9003255950872543,0.8570014786552949,"(0.0020672560203820467, 1.9986321926116943)","(0.0, 2.0)",stable,True
19,0,"(0.5919179514086761, -0.31988636588028335)","(0.005035281181335449, -0.004722237586975098)","(0.0, 0.0)",unstable,False,0.5919179514086761,-0.31988636588028335,"(2.996807813644409, 0.0)","(3.0, 0.0)",stable,True
20,0,"(0.03791869731670454, -0.05703704181651995)","(-3.449022915447131e-05, -0.0007110655424185097)","(0.0, 0.0)",unstable,False,0.03791869731670454,-0.05703704181651995,"(0.0005247883382253349, 1.9996483325958252)","(0.0, 2.0)",stable,False
21,0,"(-0.29535457330160075, 0.24457652411528968)","(-0.0012385010486468673, 0.0017139107221737504)","(0.0, 0.0)",unstable,False,-0.29535457330160075,0.24457652411528968,"(0.06357579678297043, 1.8866474628448486)",None,None,False
22,0,"(0.5736021598762411, 0.5852006524895691)","(2.1595733165740967, 0.3342341482639313)",,,False,0.5736021598762411,0.5852006524895691,"(2.32975435256958, 0.2580426335334778)",None,None,False
23,0,"(0.18973655218283594, 0.11129186352658124)","(0.0020340741612017155, 0.0014592930674552917)","(0.0, 0.0)",unstable,False,0.18973655218283594,0.11129186352658124,"(1.419816017150879, 0.7306342720985413)",None,None,False
24,0,"(0.22084702048873686, -0.07726976615469558)","(0.0019351274240761995, -0.0017471403116360307)","(0.0, 0.0)",unstable,False,0.22084702048873686,-0.07726976615469558,"(1.0878379344940186, 0.9437677264213562)","(1.0, 1.0)",unstable,False
25,0,"(-0.34534787349307816, 0.0027659383717673226)","(-0.04299601912498474, 0.008294554427266121)","(0.0, 0.0)",unstable,False,-0.34534787349307816,0.0027659383717673226,"(-0.033940088003873825, 0.030479902401566505)","(0.0, 0.0)",unstable,False
26,0,"(-0.8154458707891189, -0.5566843630233399)","(-0.2616795599460602, -0.20105531811714172)",,,False,-0.8154458707891189,-0.5566843630233399,"(-0.2202390432357788, -0.16115987300872803)",None,None,False
27,0,"(-0.5992894426629185, 0.33794523965688317)","(0.003655934240669012, 2.008772611618042)","(0.0, 2.0)",stable,True,-0.5992894426629185,0.33794523965688317,"(0.0020287991501390934, 2.0081794261932373)","(0.0, 2.0)",stable,True
28,0,"(0.5302078605510715, -0.4345814935163803)","(0.001941895461641252, -0.0013030290137976408)","(0.0, 0.0)",unstable,False,0.5302078605510715,-0.4345814935163803,"(2.9964804649353027, -0.0003921389579772949)","(3.0, 0.0)",stable,True
29,0,"(-0.4791438844384202, 1.4301753706685252)","(0.00010674595978343859, 2.000194787979126)","(0.0, 2.0)",stable,True,-0.4791438844384202,1.4301753706685252,"(0.00014461875252891332, 1.9998995065689087)","(0.0, 2.0)",stable,True
30,0,"(0.09076527343836295, 0.7841827423478561)","(2.4691223643458216e-06, 1.9997485876083374)","(0.0, 2.0)",stable,True,0.09076527343836295,0.7841827423478561,"(0.00010686963651096448, 1.9997972249984741)","(0.0, 2.0)",stable,True
31,0,"(-0.21720024100168114, 0.2057721271869846)","(-0.0021580755710601807, 0.0013439655303955078)","(0.0, 0.0)",unstable,False,-0.21720024100168114,0.2057721271869846,"(0.9664682149887085, 1.0265960693359375)","(1.0, 1.0)",unstable,False
32,0,"(0.4403672344391589, 0.7896476391883415)","(0.733389675617218, 1.1984612941741943)",,,False,0.4403672344391589,0.7896476391883415,"(0.0008203983306884766, 1.9989356994628906)","(0.0, 2.0)",stable,True
33,0,"(0.22440796977973715, 0.05226264340267761)","(0.002632030751556158, -0.00028078333707526326)","(0.0, 0.0)",unstable,False,0.22440796977973715,0.05226264340267761,"(1.0117871761322021, 0.9972265958786011)","(1.0, 1.0)",unstable,False
34,0,"(-0.8816483803821903, -0.09552473088542739)","(-0.2546308636665344, 0.0654461607336998)",,,False,-0.8816483803821903,-0.09552473088542739,"(-3.69586181640625, 1.4796510934829712)",None,None,False
35,0,"(0.12216569176572695, -0.19737799673286635)","(0.002002452267333865, -0.0019735663663595915)","(0.0, 0.0)",unstable,False,0.12216569176572695,-0.19737799673286635,"(0.0005359336500987411, 1.9961349964141846)","(0.0, 2.0)",stable,False
36,0,"(0.08582399526756566, -0.10723735376482284)","(9.897649579215795e-05, -0.0004105597618035972)","(0.0, 0.0)",unstable,False,0.08582399526756566,-0.10723735376482284,"(-0.0012626737589016557, 1.9996883869171143)","(0.0, 2.0)",stable,False
37,0,"(-0.10769977622563766, -0.25682733075929487)","(-0.010748252272605896, -0.0554039366543293)","(0.0, 0.0)",unstable,False,-0.10769977622563766,-0.25682733075929487,"(-0.008427212946116924, -0.051715146750211716)","(0.0, 0.0)",unstable,False
38,0,"(0.5368466734802915, 0.15272357077755894)","(0.0019786476623266935, -0.0003213405725546181)","(0.0, 0.0)",unstable,False,0.5368466734802915,0.15272357077755894,"(2.999283790588379, 4.6375393139896914e-05)","(3.0, 0.0)",stable,True
39,0,"(-0.4095209959327447, -0.14920283603680837)","(-0.07270987331867218, -0.03364062309265137)","(0.0, 0.0)",unstable,False,-0.4095209959327447,-0.14920283603680837,"(-0.06441237032413483, -0.01989472284913063)","(0.0, 0.0)",unstable,False
40,0,"(-0.16766963680974542, -0.8332340019572173)","(-0.021368231624364853, -0.300551176071167)",,,False,-0.16766963680974542,-0.8332340019572173,"(-0.013705646619200706, -0.28626173734664917)",None,None,False
41,0,"(0.36589121157510374, -0.025213941679956147)","(0.00451168417930603, -0.0007471356657333672)","(0.0, 0.0)",unstable,False,0.36589121157510374,-0.025213941679956147,"(1.188325047492981, 0.8713732957839966)",None,None,False
42,0,"(0.27530908591728614, -1.0648805427985302)","(0.0009621322387829423, 1.9947702884674072)","(0.0, 2.0)",stable,False,0.27530908591728614,-1.0648805427985302,"(0.008071196265518665, 1.9976043701171875)","(0.0, 2.0)",stable,False
43,0,"(-0.08945020408376848, 0.3893822963121397)","(-0.0008453130722045898, 0.0013045966625213623)","(0.0, 0.0)",unstable,False,-0.08945020408376848,0.3893822963121397,"(-0.0003521129547152668, 1.9986097812652588)","(0.0, 2.0)",stable,True
44,0,"(-0.3806262963573465, 0.43283891587590234)","(0.00014796853065490723, 0.00040261150570586324)","(0.0, 0.0)",unstable,False,-0.3806262963573465,0.43283891587590234,"(-0.006508869118988514, 1.998811960220337)","(0.0, 2.0)",stable,True
45,0,"(-0.020482585636255993, -0.10960496177167052)","(-0.0009870275389403105, -0.011142085306346416)","(0.0, 0.0)",unstable,False,-0.020482585636255993,-0.10960496177167052,"(-0.001660558977164328, -0.010868343524634838)","(0.0, 0.0)",unstable,False
46,0,"(0.8232311068627115, -0.8948556586483721)","(3.001044750213623, -0.0012325048446655273)","(3.0, 0.0)",stable,True,0.8232311068627115,-0.8948556586483721,"(3.0075297355651855, 0.004738199524581432)","(3.0, 0.0)",stable,True
47,0,"(-0.23891871689260225, 0.19033110564800929)","(-0.0022728026378899813, 0.0019511192804202437)","(0.0, 0.0)",unstable,False,-0.23891871689260225,0.19033110564800929,"(1.1077940464019775, 0.929027259349823)",None,None,False
48,0,"(-0.5466846672159963, -0.15942397739158504)","(-0.11242564022541046, -0.020337488502264023)",,,False,-0.5466846672159963,-0.15942397739158504,"(-2.3518729209899902, 0.9676682353019714)",None,None,False
49,0,"(-0.26281212340120236, -1.3628430006237613)","(-0.03092484176158905, -0.5994788408279419)",,,False,-0.26281212340120236,-1.3628430006237613,"(-0.03071296587586403, -0.6011638045310974)",None,None,False
50,0,"(0.1950090671071052, 1.2137918544019048)","(3.872811794281006e-05, 1.9998327493667603)","(0.0, 2.0)",stable,True,0.1950090671071052,1.2137918544019048,"(-0.0005499959224835038, 1.9992166757583618)","(0.0, 2.0)",stable,True
51,0,"(1.4821561973260824, 1.6168100959725016)","(-0.00010917186591541395, -0.0033845901489257812)","(0.0, 0.0)",unstable,False,1.4821561973260824,1.6168100959725016,"(-0.0005005121347494423, 1.9984090328216553)","(0.0, 2.0)",stable,True
52,0,"(0.01773113306330154, 0.6864301008088816)","(-0.00026335156871937215, -0.0006694913026876748)","(0.0, 0.0)",unstable,False,0.01773113306330154,0.6864301008088816,"(-0.0015186012024059892, 1.998290777206421)","(0.0, 2.0)",stable,True
53,0,"(0.3091792624142311, 0.9002171910493995)","(-0.0001327276258962229, 1.9993104934692383)","(0.0, 2.0)",stable,True,0.3091792624142311,0.9002171910493995,"(-0.00026494264602661133, 1.9995639324188232)","(0.0, 2.0)",stable,True
54,0,"(1.2620613040722124, -0.0794135113783574)","(3.000148057937622, -0.00019891708507202566)","(3.0, 0.0)",stable,True,1.2620613040722124,-0.0794135113783574,"(2.999190330505371, -0.0006255611660890281)","(3.0, 0.0)",stable,True
55,0,"(1.061628024802207, 0.32749270915110495)","(3.000025987625122, 7.296204421436414e-05)","(3.0, 0.0)",stable,True,1.061628024802207,0.32749270915110495,"(2.999634265899658, 3.4183263778686523e-05)","(3.0, 0.0)",stable,True
56,0,"(0.3381320480928832, 0.9769789667370351)","(-3.935694621759467e-05, 1.9999662637710571)","(0.0, 2.0)",stable,True,0.3381320480928832,0.9769789667370351,"(3.490447852527723e-05, 2.0007598400115967)","(0.0, 2.0)",stable,True
57,0,"(1.3099795068434725, 0.7134480252659575)","(2.99988055229187, 0.00037305353907868266)","(3.0, 0.0)",stable,True,1.3099795068434725,0.7134480252659575,"(3.0008175373077393, -9.01460662134923e-05)","(3.0, 0.0)",stable,True
58,0,"(1.5130520963628797, 1.635337161367119)","(0.002039098646491766, 2.0007400512695312)","(0.0, 2.0)",stable,True,1.5130520963628797,1.635337161367119,"(0.0011366844410076737, 2.0004100799560547)","(0.0, 2.0)",stable,True
59,0,"(0.6586355284188297, 0.6498399648893636)","(1.0310850143432617, 0.9787128567695618)","(1.0, 1.0)",unstable,False,0.6586355284188297,0.6498399648893636,"(1.9048221111297607, 0.45950573682785034)",None,None,False
60,0,"(1.724967927528091, 1.502852069312285)","(0.007979964837431908, 1.9855396747589111)","(0.0, 2.0)",stable,True,1.724967927528091,1.502852069312285,"(0.003069066908210516, 1.9788157939910889)","(0.0, 2.0)",stable,True
61,0,"(1.7644984717891037, 0.9379075587462506)","(2.999546766281128, -0.0005208492511883378)","(3.0, 0.0)",stable,True,1.7644984717891037,0.9379075587462506,"(2.9998953342437744, -6.110667891334742e-05)","(3.0, 0.0)",stable,True
62,0,"(1.5709262605744563, 1.070667734011709)","(1.0727713108062744, 0.9481744766235352)","(1.0, 1.0)",unstable,False,1.5709262605744563,1.070667734011709,"(3.0002853870391846, -0.0005270004039630294)","(3.0, 0.0)",stable,True
63,0,"(0.4764521302182443, 1.4650512417966959)","(0.0003369092883076519, 2.000403881072998)","(0.0, 2.0)",stable,True,0.4764521302182443,1.4650512417966959,"(-0.0005353569868020713, 2.0004823207855225)","(0.0, 2.0)",stable,True
64,0,"(0.12728916350209918, 1.0962955983708178)","(-0.00010102093074237928, 2.0009233951568604)","(0.0, 2.0)",stable,True,0.12728916350209918,1.0962955983708178,"(0.00030713676824234426, 2.000932216644287)","(0.0, 2.0)",stable,True
65,0,"(0.9141917513601827, 1.096741161035244)","(-0.0005318045732565224, 2.001457691192627)","(0.0, 2.0)",stable,True,0.9141917513601827,1.096741161035244,"(0.0002335071621928364, 1.9998350143432617)","(0.0, 2.0)",stable,True
66,0,"(1.2285955649826803, 1.2672960503601192)","(0.9887852668762207, 1.0068778991699219)","(1.0, 1.0)",unstable,False,1.2285955649826803,1.2672960503601192,"(-0.0006153822178021073, 1.9998878240585327)","(0.0, 2.0)",stable,True
67,0,"(1.7884888562668313, 0.8049750115331382)","(3.0009517669677734, -0.0006597399478778243)","(3.0, 0.0)",stable,True,1.7884888562668313,0.8049750115331382,"(3.0016415119171143, -0.002490651560947299)","(3.0, 0.0)",stable,True
68,0,"(1.2116253234472607, 1.9668790023448794)","(0.00011410713341319934, 2.0001566410064697)","(0.0, 2.0)",stable,True,1.2116253234472607,1.9668790023448794,"(-0.0004867553652729839, 2.000088930130005)","(0.0, 2.0)",stable,True
69,0,"(1.5715258946059283, 0.8582853543421343)","(3.003286123275757, -0.004374086856842041)","(3.0, 0.0)",stable,True,1.5715258946059283,0.8582853543421343,"(3.0000624656677246, 0.00019577742205001414)","(3.0, 0.0)",stable,True
70,0,"(0.5484520683875258, 0.719956299611016)","(0.9804984927177429, 1.0129200220108032)","(1.0, 1.0)",unstable,False,0.5484520683875258,0.719956299611016,"(0.0008630156517028809, 1.9999316930770874)","(0.0, 2.0)",stable,True
71,0,"(1.150381358526837, 0.22713967965251014)","(2.994715452194214, 0.0008437365177087486)","(3.0, 0.0)",stable,True,1.150381358526837,0.22713967965251014,"(2.9992640018463135, 3.736019061761908e-05)","(3.0, 0.0)",stable,True
72,0,"(0.6145254505088263, 1.5678047746696073)","(0.0001801610051188618, 1.9996287822723389)","(0.0, 2.0)",stable,True,0.6145254505088263,1.5678047746696073,"(0.00046831369400024414, 1.999652624130249)","(0.0, 2.0)",stable,True
73,0,"(1.5122575451032096, 1.325536296036578)","(-0.014918970875442028, -0.02029888704419136)","(0.0, 0.0)",unstable,False,1.5122575451032096,1.325536296036578,"(0.6810482740402222, 1.2380006313323975)",None,None,False
74,0,"(1.5911695542881403, 1.2032665935940878)","(1.0150058269500732, 0.9890213012695312)","(1.0, 1.0)",unstable,False,1.5911695542881403,1.2032665935940878,"(2.9992899894714355, 0.0013464450603350997)","(3.0, 0.0)",stable,True
75,0,"(1.4493763464247422, 1.6612870116312117)","(-0.0006910323863849044, -0.006089210510253906)","(0.0, 0.0)",unstable,False,1.4493763464247422,1.6612870116312117,"(-0.0011641025776043534, 2.000762939453125)","(0.0, 2.0)",stable,True
76,0,"(1.7917788966450368, 0.29712128673854776)","(3.000028610229492, -0.0002532005310058594)","(3.0, 0.0)",stable,True,1.7917788966450368,0.29712128673854776,"(2.999565601348877, -8.561611321056262e-05)","(3.0, 0.0)",stable,True
77,0,"(0.8166647874134038, 0.9611181201632281)","(0.9890839457511902, 1.0076677799224854)","(1.0, 1.0)",unstable,False,0.8166647874134038,0.9611181201632281,"(0.00014241933240555227, 1.9998127222061157)","(0.0, 2.0)",stable,True
78,0,"(1.8049284320003554, 2.056476243503042)","(0.7805576920509338, 1.1650450229644775)",,,False,1.8049284320003554,2.056476243503042,"(-0.006572413258254528, 1.9958337545394897)","(0.0, 2.0)",stable,True
79,0,"(1.1189227068351135, 0.9747515847593734)","(2.0642964839935303, 0.3805844187736511)",,,False,1.1189227068351135,0.9747515847593734,"(2.0347089767456055, 0.39511817693710327)",None,None,False
80,0,"(0.9168192585776365, 0.9948297950110184)","(0.9838111996650696, 1.011306881904602)","(1.0, 1.0)",unstable,False,0.9168192585776365,0.9948297950110184,"(5.5587290262337774e-05, 1.9991657733917236)","(0.0, 2.0)",stable,True
81,0,"(1.0693285273831596, 1.8647628712945086)","(-0.0008102894062176347, -0.001074290252290666)","(0.0, 0.0)",unstable,False,1.0693285273831596,1.8647628712945086,"(-0.00015735626220703125, 1.998631238937378)","(0.0, 2.0)",stable,True
82,0,"(0.8788995013887645, 0.41362611828718865)","(3.0013856887817383, -0.000758439302444458)","(3.0, 0.0)",stable,True,0.8788995013887645,0.41362611828718865,"(2.9993443489074707, 0.000580906867980957)","(3.0, 0.0)",stable,True
83,0,"(1.2654127932857373, 1.3249667132735328)","(0.980065643787384, 1.0123112201690674)","(1.0, 1.0)",unstable,False,1.2654127932857373,1.3249667132735328,"(-0.0003225088003091514, 1.999712347984314)","(0.0, 2.0)",stable,True
84,0,"(0.45349571281343426, 0.6829707151088871)","(0.9744330644607544, 1.0178951025009155)","(1.0, 1.0)",unstable,False,0.45349571281343426,0.6829707151088871,"(-0.0004125058767385781, 2.00166392326355)","(0.0, 2.0)",stable,True
85,0,"(0.5695398893747785, 0.3201152060391166)","(0.0030464292503893375, 5.14984139954322e-06)","(0.0, 0.0)",unstable,False,0.5695398893747785,0.3201152060391166,"(2.6929478645324707, 0.10644964128732681)",None,None,False
86,0,"(2.0140976950793066, 0.6452608344310118)","(2.999828815460205, 0.0004512309969868511)","(3.0, 0.0)",stable,True,2.0140976950793066,0.6452608344310118,"(2.999819040298462, 0.0002713441790547222)","(3.0, 0.0)",stable,True
87,0,"(1.5091811127258825, 0.3123184782238697)","(3.0009655952453613, 0.00020660161681007594)","(3.0, 0.0)",stable,True,1.5091811127258825,0.3123184782238697,"(3.000617504119873, 2.937316821771674e-05)","(3.0, 0.0)",stable,True
88,0,"(1.8332753235959705, 1.23647884639272)","(1.0229225158691406, 0.9784948229789734)","(1.0, 1.0)",unstable,False,1.8332753235959705,1.23647884639272,"(2.610973358154297, 0.1439235955476761)",None,None,False
89,0,"(1.3386166511129278, 1.7854067691915456)","(-0.004814219661056995, -0.011025523766875267)","(0.0, 0.0)",unstable,False,1.3386166511129278,1.7854067691915456,"(-0.0005021571996621788, 1.9997268915176392)","(0.0, 2.0)",stable,True
90,0,"(0.21085008347380574, 0.9775744750827081)","(0.000600001192651689, 1.9986565113067627)","(0.0, 2.0)",stable,True,0.21085008347380574,0.9775744750827081,"(-0.00012458860874176025, 1.9973939657211304)","(0.0, 2.0)",stable,True
91,0,"(1.4225292140777694, 1.0674173154167723)","(1.0339245796203613, 0.9753292798995972)","(1.0, 1.0)",unstable,False,1.4225292140777694,1.0674173154167723,"(1.4858734607696533, 0.6882234215736389)",None,None,False
92,0,"(1.3605694189060693, 1.0486009446068065)","(2.4707348346710205, 0.1982908546924591)",,,False,1.3605694189060693,1.0486009446068065,"(2.9998605251312256, -0.00019159316434524953)","(3.0, 0.0)",stable,True
93,0,"(0.59706729623333, 0.6303175784456241)","(2.1832737922668457, 0.3267323970794678)",,,False,0.59706729623333,0.6303175784456241,"(1.6148834228515625, 0.612132728099823)",None,None,False
94,0,"(0.36122752245482526, 1.1480296779407424)","(-9.470582153880969e-05, 2.0003178119659424)","(0.0, 2.0)",stable,True,0.36122752245482526,1.1480296779407424,"(0.00011519789404701442, 1.999769926071167)","(0.0, 2.0)",stable,True
95,0,"(1.0545840700349847, 1.1764097997327754)","(-0.0038742064498364925, 1.9994256496429443)","(0.0, 2.0)",stable,True,1.0545840700349847,1.1764097997327754,"(-0.0003903150500264019, 2.0002200603485107)","(0.0, 2.0)",stable,True
96,0,"(1.5952922451240168, 1.2757240700226014)","(1.0251801013946533, 0.9829773902893066)","(1.0, 1.0)",unstable,False,1.5952922451240168,1.2757240700226014,"(1.745378851890564, 0.5414901375770569)",None,None,False
97,0,"(1.225781288014615, 1.2897657344405251)","(0.021036338061094284, 1.950895071029663)","(0.0, 2.0)",stable,False,1.225781288014615,1.2897657344405251,"(0.0004521608352661133, 2.0001204013824463)","(0.0, 2.0)",stable,True
98,0,"(0.9787689256764169, 1.2830710029878813)","(0.0005320071941241622, 1.9995973110198975)","(0.0, 2.0)",stable,True,0.9787689256764169,1.2830710029878813,"(-0.00028101206407882273, 2.000033140182495)","(0.0, 2.0)",stable,True
99,0,"(0.9960653427788687, 1.2022432933878644)","(0.40037432312965393, 1.4938771724700928)",,,False,0.9960653427788687,1.2022432933878644,"(-1.3566017514676787e-05, 2.000323534011841)","(0.0, 2.0)",stable,True
100,0,"(-0.8049909328928948, 2.213791854401905)","(-0.00014421940431930125, 2.0002005100250244)","(0.0, 2.0)",stable,True,-0.8049909328928948,2.213791854401905,"(-0.0013444304931908846, 2.0000405311584473)","(0.0, 2.0)",stable,True
101,0,"(0.4821561973260824, 2.6168100959725016)","(-0.006797677371650934, -0.006212902255356312)","(0.0, 0.0)",unstable,False,0.4821561973260824,2.6168100959725016,"(0.0004198610840830952, 2.000176429748535)","(0.0, 2.0)",stable,True
102,0,"(-0.9822688669366985, 1.6864301008088816)","(-2.3090839022188447e-05, 1.9996535778045654)","(0.0, 2.0)",stable,True,-0.9822688669366985,1.6864301008088816,"(-0.0002829432487487793, 2.000192642211914)","(0.0, 2.0)",stable,True
103,0,"(-0.6908207375857689, 1.9002171910493995)","(-0.00010493993613636121, 1.9998598098754883)","(0.0, 2.0)",stable,True,-0.6908207375857689,1.9002171910493995,"(-0.00164631602820009, 1.9993473291397095)","(0.0, 2.0)",stable,True
104,0,"(0.26206130407221234, 0.9205864886216426)","(-0.000284343957901001, 1.999842643737793)","(0.0, 2.0)",stable,True,0.26206130407221234,0.9205864886216426,"(0.0001676022948231548, 1.9997727870941162)","(0.0, 2.0)",stable,True
105,0,"(0.061628024802206936, 1.3274927091511048)","(-0.00014193654351402074, 2.000166654586792)","(0.0, 2.0)",stable,True,0.061628024802206936,1.3274927091511048,"(-9.011178917717189e-05, 1.9995914697647095)","(0.0, 2.0)",stable,True
106,0,"(-0.6618679519071168, 1.9769789667370352)","(-9.824037260841578e-05, 2.0000383853912354)","(0.0, 2.0)",stable,True,-0.6618679519071168,1.9769789667370352,"(-0.0005609631771221757, 1.999651312828064)","(0.0, 2.0)",stable,True
107,0,"(0.30997950684347253, 1.7134480252659574)","(0.0004968345165252686, 1.9990739822387695)","(0.0, 2.0)",stable,True,0.30997950684347253,1.7134480252659574,"(7.08222360117361e-05, 2.0001723766326904)","(0.0, 2.0)",stable,True
108,0,"(0.5130520963628797, 2.635337161367119)","(-0.0008777856710366905, 1.999314546585083)","(0.0, 2.0)",stable,True,0.5130520963628797,2.635337161367119,"(0.003160786582157016, 2.005735397338867)","(0.0, 2.0)",stable,True
109,0,"(-0.3413644715811703, 1.6498399648893636)","(-0.0003178238985128701, 1.9993118047714233)","(0.0, 2.0)",stable,True,-0.3413644715811703,1.6498399648893636,"(-0.0002512395440135151, 1.9998222589492798)","(0.0, 2.0)",stable,True
110,0,"(0.7249679275280909, 2.502852069312285)","(-0.0015620589256286621, 1.9995777606964111)","(0.0, 2.0)",stable,True,0.7249679275280909,2.502852069312285,"(5.993842933094129e-05, 2.0000243186950684)","(0.0, 2.0)",stable,True
111,0,"(0.7644984717891037, 1.9379075587462506)","(0.00033196210279129446, 1.9998867511749268)","(0.0, 2.0)",stable,True,0.7644984717891037,1.9379075587462506,"(-0.0018846273887902498, 1.9996042251586914)","(0.0, 2.0)",stable,True
112,0,"(0.5709262605744563, 2.070667734011709)","(-0.0004362344625405967, 1.9998044967651367)","(0.0, 2.0)",stable,True,0.5709262605744563,2.070667734011709,"(0.0010523557430133224, 2.000631093978882)","(0.0, 2.0)",stable,True
113,0,"(-0.5235478697817557, 2.465051241796696)","(-0.000903785228729248, 2.0004353523254395)","(0.0, 2.0)",stable,True,-0.5235478697817557,2.465051241796696,"(-0.0004524707910604775, 2.0001018047332764)","(0.0, 2.0)",stable,True
114,0,"(-0.8727108364979008, 2.096295598370818)","(-0.0016467571258544922, 1.9997494220733643)","(0.0, 2.0)",stable,True,-0.8727108364979008,2.096295598370818,"(9.478330321144313e-05, 2.00006103515625)","(0.0, 2.0)",stable,True
115,0,"(-0.08580824863981724, 2.096741161035244)","(-0.00010604113049339503, 2.000082492828369)","(0.0, 2.0)",stable,True,-0.08580824863981724,2.096741161035244,"(6.063580440240912e-05, 2.000016927719116)","(0.0, 2.0)",stable,True
116,0,"(0.22859556498268033, 2.267296050360119)","(0.0009514540433883667, 2.0004055500030518)","(0.0, 2.0)",stable,True,0.22859556498268033,2.267296050360119,"(8.385777618968859e-05, 2.000208616256714)","(0.0, 2.0)",stable,True
117,0,"(0.7884888562668313, 1.8049750115331382)","(0.0002338886260986328, 1.9999268054962158)","(0.0, 2.0)",stable,True,0.7884888562668313,1.8049750115331382,"(-5.8627127145882696e-05, 1.999526023864746)","(0.0, 2.0)",stable,True
118,0,"(0.21162532344726073, 2.9668790023448794)","(0.005800008773803711, 2.011725664138794)","(0.0, 2.0)",stable,True,0.21162532344726073,2.9668790023448794,"(3.051161729672458e-05, 1.9996000528335571)","(0.0, 2.0)",stable,True
119,0,"(0.5715258946059282, 1.8582853543421343)","(0.0002064943255390972, 2.0001797676086426)","(0.0, 2.0)",stable,True,0.5715258946059282,1.8582853543421343,"(-0.0007951855659484863, 1.9995880126953125)","(0.0, 2.0)",stable,True
120,0,"(-0.45154793161247414, 1.719956299611016)","(0.00024169086827896535, 2.0002827644348145)","(0.0, 2.0)",stable,True,-0.45154793161247414,1.719956299611016,"(-0.00016326308832503855, 1.9996347427368164)","(0.0, 2.0)",stable,True
121,0,"(0.1503813585268369, 1.22713967965251)","(0.0004707664193119854, 1.9996840953826904)","(0.0, 2.0)",stable,True,0.1503813585268369,1.22713967965251,"(-0.00013884902000427246, 1.9993057250976562)","(0.0, 2.0)",stable,True
122,0,"(-0.38547454949117366, 2.5678047746696073)","(-0.0010958730708807707, 2.0015599727630615)","(0.0, 2.0)",stable,True,-0.38547454949117366,2.5678047746696073,"(-0.00030275582685135305, 2.000286340713501)","(0.0, 2.0)",stable,True
123,0,"(0.5122575451032098, 2.325536296036578)","(-0.00032161473063752055, 1.9998804330825806)","(0.0, 2.0)",stable,True,0.5122575451032098,2.325536296036578,"(-0.0009973763953894377, 1.9992872476577759)","(0.0, 2.0)",stable,True
124,0,"(0.5911695542881403, 2.203266593594088)","(8.81433516042307e-05, 1.9998483657836914)","(0.0, 2.0)",stable,True,0.5911695542881403,2.203266593594088,"(-0.0005193233373574913, 1.9996757507324219)","(0.0, 2.0)",stable,True
125,0,"(0.4493763464247423, 2.6612870116312117)","(0.005793362855911255, 0.0071086883544921875)","(0.0, 0.0)",unstable,False,0.4493763464247423,2.6612870116312117,"(-0.0008405208354815841, 1.9977169036865234)","(0.0, 2.0)",stable,True
126,0,"(0.7917788966450368, 1.2971212867385478)","(4.539489600574598e-05, 2.000011682510376)","(0.0, 2.0)",stable,True,0.7917788966450368,1.2971212867385478,"(0.00046263932017609477, 1.999503493309021)","(0.0, 2.0)",stable,True
127,0,"(-0.18333521258659627, 1.9611181201632282)","(-1.048743706633104e-05, 1.999995231628418)","(0.0, 2.0)",stable,True,-0.18333521258659627,1.9611181201632282,"(0.00016656816296745092, 2.0001869201660156)","(0.0, 2.0)",stable,True
128,0,"(0.8049284320003555, 3.056476243503042)","(0.0035510659217834473, 2.0046546459198)","(0.0, 2.0)",stable,True,0.8049284320003555,3.056476243503042,"(-0.0011906505096703768, 1.9997203350067139)","(0.0, 2.0)",stable,True
129,0,"(0.11892270683511345, 1.9747515847593733)","(-2.3506581783294678e-05, 2.0000016689300537)","(0.0, 2.0)",stable,True,0.11892270683511345,1.9747515847593733,"(-0.00012354999489616603, 2.0000457763671875)","(0.0, 2.0)",stable,True
130,0,"(-0.08318074142236354, 1.9948297950110185)","(0.00013117790513206273, 2.0000782012939453)","(0.0, 2.0)",stable,True,-0.08318074142236354,1.9948297950110185,"(3.143697904306464e-05, 2.000037908554077)","(0.0, 2.0)",stable,True
131,0,"(0.06932852738315962, 2.8647628712945084)","(-0.00031472742557525635, 1.999768853187561)","(0.0, 2.0)",stable,True,0.06932852738315962,2.8647628712945084,"(-0.00031448452500626445, 1.9993826150894165)","(0.0, 2.0)",stable,True
132,0,"(-0.12110049861123552, 1.4136261182871888)","(-1.917630470416043e-05, 2.000051259994507)","(0.0, 2.0)",stable,True,-0.12110049861123552,1.4136261182871888,"(0.00011080503463745117, 2.0001957416534424)","(0.0, 2.0)",stable,True
133,0,"(0.2654127932857373, 2.3249667132735325)","(-0.00012910962686873972, 1.9999042749404907)","(0.0, 2.0)",stable,True,0.2654127932857373,2.3249667132735325,"(-0.00033271312713623047, 1.9999380111694336)","(0.0, 2.0)",stable,True
134,0,"(-0.5465042871865657, 1.682970715108887)","(0.0013623476261273026, 2.0004496574401855)","(0.0, 2.0)",stable,True,-0.5465042871865657,1.682970715108887,"(4.57763690064894e-06, 1.9998934268951416)","(0.0, 2.0)",stable,True
135,0,"(-0.4304601106252215, 1.3201152060391166)","(0.002042716834694147, 2.003575086593628)","(0.0, 2.0)",stable,True,-0.4304601106252215,1.3201152060391166,"(-0.0001828849344747141, 1.9998925924301147)","(0.0, 2.0)",stable,True
136,0,"(1.0140976950793066, 1.6452608344310118)","(0.9150203466415405, 1.059944987297058)","(1.0, 1.0)",unstable,False,1.0140976950793066,1.6452608344310118,"(-0.00025815964909270406, 2.000091552734375)","(0.0, 2.0)",stable,True
137,0,"(0.5091811127258825, 1.3123184782238697)","(-8.651018288219348e-05, 2.0004639625549316)","(0.0, 2.0)",stable,True,0.5091811127258825,1.3123184782238697,"(-0.00019638538651634008, 2.000108480453491)","(0.0, 2.0)",stable,True
138,0,"(0.8332753235959703, 2.2364788463927203)","(-0.008228754624724388, -0.008026838302612305)","(0.0, 0.0)",unstable,False,0.8332753235959703,2.2364788463927203,"(-0.0009333252673968673, 2.00359845161438)","(0.0, 2.0)",stable,True
139,0,"(0.33861665111292777, 2.7854067691915456)","(0.00027561187744140625, 1.9992074966430664)","(0.0, 2.0)",stable,True,0.33861665111292777,2.7854067691915456,"(-0.000512069440446794, 1.9990565776824951)","(0.0, 2.0)",stable,True
140,0,"(-0.7891499165261943, 1.977574475082708)","(-0.0006155848386697471, 1.9999587535858154)","(0.0, 2.0)",stable,True,-0.7891499165261943,1.977574475082708,"(-0.0011072754859924316, 1.9999399185180664)","(0.0, 2.0)",stable,True
141,0,"(0.42252921407776944, 2.067417315416772)","(0.0002565622271504253, 1.999842643737793)","(0.0, 2.0)",stable,True,0.42252921407776944,2.067417315416772,"(-0.00010755062248790637, 1.9999334812164307)","(0.0, 2.0)",stable,True
142,0,"(0.36056941890606925, 2.0486009446068065)","(0.00176488165743649, 2.0014731884002686)","(0.0, 2.0)",stable,True,0.36056941890606925,2.0486009446068065,"(9.626150131225586e-05, 1.9999736547470093)","(0.0, 2.0)",stable,True
143,0,"(-0.40293270376667, 1.630317578445624)","(0.0008123397710733116, 1.9998605251312256)","(0.0, 2.0)",stable,True,-0.40293270376667,1.630317578445624,"(-0.0002707540988922119, 2.0003888607025146)","(0.0, 2.0)",stable,True
144,0,"(-0.6387724775451747, 2.1480296779407424)","(0.0012540459865704179, 2.0005664825439453)","(0.0, 2.0)",stable,True,-0.6387724775451747,2.1480296779407424,"(6.934404518688098e-05, 1.9996305704116821)","(0.0, 2.0)",stable,True
145,0,"(0.05458407003498459, 2.176409799732775)","(3.523379564285278e-05, 1.999880075454712)","(0.0, 2.0)",stable,True,0.05458407003498459,2.176409799732775,"(-2.8652697437792085e-05, 1.999922752380371)","(0.0, 2.0)",stable,True
146,0,"(0.5952922451240169, 2.2757240700226014)","(-0.00012055635306751356, 2.0004866123199463)","(0.0, 2.0)",stable,True,0.5952922451240169,2.2757240700226014,"(0.0005642414325848222, 2.000086545944214)","(0.0, 2.0)",stable,True
147,0,"(0.22578128801461506, 2.2897657344405253)","(-0.00019211768812965602, 1.9996769428253174)","(0.0, 2.0)",stable,True,0.22578128801461506,2.2897657344405253,"(-0.0006096899742260575, 1.9992917776107788)","(0.0, 2.0)",stable,True
148,0,"(-0.021231074323583076, 2.2830710029878816)","(-0.00012407339818309993, 2.0006673336029053)","(0.0, 2.0)",stable,True,-0.021231074323583076,2.2830710029878816,"(-0.00029232315137051046, 1.9989902973175049)","(0.0, 2.0)",stable,True
149,0,"(-0.003934657221131277, 2.2022432933878644)","(3.437679333728738e-05, 2.0004403591156006)","(0.0, 2.0)",stable,True,-0.003934657221131277,2.2022432933878644,"(0.0002309168630745262, 2.0013108253479004)","(0.0, 2.0)",stable,True
150,0,"(2.1950090671071054, 0.2137918544019049)","(2.999788999557495, 0.00010444223880767822)","(3.0, 0.0)",stable,True,2.1950090671071054,0.2137918544019049,"(3.000171661376953, 0.0004982650279998779)","(3.0, 0.0)",stable,True
151,0,"(3.4821561973260824, 0.6168100959725016)","(3.0005393028259277, -0.0002599954605102539)","(3.0, 0.0)",stable,True,3.4821561973260824,0.6168100959725016,"(2.998567819595337, -0.0015070915687829256)","(3.0, 0.0)",stable,True
152,0,"(2.0177311330633017, -0.3135698991911185)","(2.998872995376587, -0.001029199338518083)","(3.0, 0.0)",stable,True,2.0177311330633017,-0.3135698991911185,"(3.001192808151245, -0.0005041539552621543)","(3.0, 0.0)",stable,True
153,0,"(2.309179262414231, -0.09978280895060052)","(2.9998879432678223, 0.0004729926586151123)","(3.0, 0.0)",stable,True,2.309179262414231,-0.09978280895060052,"(3.00036358833313, -4.475265814107843e-05)","(3.0, 0.0)",stable,True
154,0,"(3.2620613040722124, -1.0794135113783574)","(2.999279022216797, -0.0013557911152020097)","(3.0, 0.0)",stable,True,3.2620613040722124,-1.0794135113783574,"(3.0001988410949707, -0.004066753201186657)","(3.0, 0.0)",stable,True
155,0,"(3.0616280248022067, -0.672507290848895)","(2.9988133907318115, -0.0004987716674804688)","(3.0, 0.0)",stable,True,3.0616280248022067,-0.672507290848895,"(3.000343084335327, -2.8014183044433594e-06)","(3.0, 0.0)",stable,True
156,0,"(2.3381320480928833, -0.02302103326296487)","(2.999497175216675, 1.0670721167116426e-05)","(3.0, 0.0)",stable,True,2.3381320480928833,-0.02302103326296487,"(2.9998714923858643, -6.142891652416438e-05)","(3.0, 0.0)",stable,True
157,0,"(3.3099795068434723, -0.2865519747340425)","(2.9998300075531006, 0.0002955436648335308)","(3.0, 0.0)",stable,True,3.3099795068434723,-0.2865519747340425,"(2.9999074935913086, -6.427169137168676e-05)","(3.0, 0.0)",stable,True
158,0,"(3.5130520963628795, 0.6353371613671192)","(2.999516487121582, -0.0002773284795694053)","(3.0, 0.0)",stable,True,3.5130520963628795,0.6353371613671192,"(3.000885486602783, 0.0002214670239482075)","(3.0, 0.0)",stable,True
159,0,"(2.65863552841883, -0.35016003511063637)","(3.008761405944824, 0.0021961331367492676)","(3.0, 0.0)",stable,True,2.65863552841883,-0.35016003511063637,"(2.9998185634613037, -0.00010278820991516113)","(3.0, 0.0)",stable,True
160,0,"(3.724967927528091, 0.502852069312285)","(2.9997386932373047, -0.001934051513671875)","(3.0, 0.0)",stable,True,3.724967927528091,0.502852069312285,"(2.9997127056121826, -0.0002669215318746865)","(3.0, 0.0)",stable,True
161,0,"(3.7644984717891035, -0.06209244125374932)","(3.0000219345092773, 2.0794570446014404e-05)","(3.0, 0.0)",stable,True,3.7644984717891035,-0.06209244125374932,"(2.999589204788208, -0.000364757317584008)","(3.0, 0.0)",stable,True
162,0,"(3.5709262605744563, 0.07066773401170909)","(2.999999523162842, 0.00040498972521163523)","(3.0, 0.0)",stable,True,3.5709262605744563,0.07066773401170909,"(2.999448776245117, 2.0147859686403535e-05)","(3.0, 0.0)",stable,True
163,0,"(2.4764521302182443, 0.4650512417966959)","(3.0000357627868652, 0.001176720834337175)","(3.0, 0.0)",stable,True,2.4764521302182443,0.4650512417966959,"(3.0004782676696777, 0.0009316742653027177)","(3.0, 0.0)",stable,True
164,0,"(2.127289163502099, 0.09629559837081789)","(2.999864339828491, 0.00013151616440154612)","(3.0, 0.0)",stable,True,2.127289163502099,0.09629559837081789,"(3.000009059906006, 1.1236965292482637e-05)","(3.0, 0.0)",stable,True
165,0,"(2.9141917513601827, 0.09674116103524401)","(2.9999678134918213, -2.129673885065131e-05)","(3.0, 0.0)",stable,True,2.9141917513601827,0.09674116103524401,"(2.999840497970581, 7.562488463008776e-05)","(3.0, 0.0)",stable,True
166,0,"(3.2285955649826805, 0.26729605036011905)","(3.001298427581787, -0.0001679718552622944)","(3.0, 0.0)",stable,True,3.2285955649826805,0.26729605036011905,"(2.999887466430664, 0.0010273217922076583)","(3.0, 0.0)",stable,True
167,0,"(3.7884888562668313, -0.19502498846686184)","(2.999753475189209, 1.28507617773721e-05)","(3.0, 0.0)",stable,True,3.7884888562668313,-0.19502498846686184,"(2.999194622039795, -0.0001721590815577656)","(3.0, 0.0)",stable,True
168,0,"(3.2116253234472607, 0.9668790023448793)","(2.4712820053100586, 0.19831056892871857)",,,False,3.2116253234472607,0.9668790023448793,"(2.673513889312744, 0.13054297864437103)",None,None,False
169,0,"(3.5715258946059283, -0.1417146456578657)","(3.0030100345611572, -0.0015553564298897982)","(3.0, 0.0)",stable,True,3.5715258946059283,-0.1417146456578657,"(3.000755786895752, -0.0004730194923467934)","(3.0, 0.0)",stable,True
170,0,"(2.548452068387526, -0.2800437003889839)","(2.9994475841522217, -2.562403642514255e-05)","(3.0, 0.0)",stable,True,2.548452068387526,-0.2800437003889839,"(2.9998412132263184, -0.000463378441054374)","(3.0, 0.0)",stable,True
171,0,"(3.150381358526837, -0.7728603203474899)","(3.000213146209717, 0.0003021359443664551)","(3.0, 0.0)",stable,True,3.150381358526837,-0.7728603203474899,"(2.999429702758789, 0.0011612654197961092)","(3.0, 0.0)",stable,True
172,0,"(2.6145254505088262, 0.5678047746696073)","(3.000354766845703, -0.0006952524418011308)","(3.0, 0.0)",stable,True,2.6145254505088262,0.5678047746696073,"(2.9995648860931396, 0.00046374797238968313)","(3.0, 0.0)",stable,True
173,0,"(3.5122575451032096, 0.3255362960365781)","(3.000183582305908, 0.0002997398260049522)","(3.0, 0.0)",stable,True,3.5122575451032096,0.3255362960365781,"(2.9960951805114746, -0.0014660954475402832)","(3.0, 0.0)",stable,True
174,0,"(3.5911695542881406, 0.20326659359408783)","(2.999770402908325, -0.0005700766923837364)","(3.0, 0.0)",stable,True,3.5911695542881406,0.20326659359408783,"(2.9993858337402344, -0.0001720428408589214)","(3.0, 0.0)",stable,True
175,0,"(3.4493763464247422, 0.6612870116312116)","(2.999207019805908, 6.495714478660375e-05)","(3.0, 0.0)",stable,True,3.4493763464247422,0.6612870116312116,"(3.00123929977417, 0.0009405851596966386)","(3.0, 0.0)",stable,True
176,0,"(3.7917788966450368, -0.7028787132614522)","(3.0004353523254395, -0.0005770564312115312)","(3.0, 0.0)",stable,True,3.7917788966450368,-0.7028787132614522,"(2.999908924102783, 0.00016919375048018992)","(3.0, 0.0)",stable,True
177,0,"(2.8166647874134036, -0.03888187983677192)","(2.999629497528076, 7.044002268230543e-05)","(3.0, 0.0)",stable,True,2.8166647874134036,-0.03888187983677192,"(2.99979829788208, 4.984587576473132e-05)","(3.0, 0.0)",stable,True
178,0,"(3.8049284320003554, 1.0564762435030421)","(1.133056640625, 0.9118817448616028)",,,False,3.8049284320003554,1.0564762435030421,"(3.001758098602295, -0.00017933845811057836)","(3.0, 0.0)",stable,True
179,0,"(3.1189227068351135, -0.02524841524062662)","(2.999969005584717, 2.3089348815119592e-06)","(3.0, 0.0)",stable,True,3.1189227068351135,-0.02524841524062662,"(3.000304937362671, -6.969496462261304e-05)","(3.0, 0.0)",stable,True
180,0,"(2.9168192585776365, -0.005170204988981523)","(3.0001747608184814, -4.686331521952525e-05)","(3.0, 0.0)",stable,True,2.9168192585776365,-0.005170204988981523,"(3.000009059906006, 5.3044408559799194e-05)","(3.0, 0.0)",stable,True
181,0,"(3.0693285273831594, 0.8647628712945086)","(1.2264282703399658, 0.850176215171814)",,,False,3.0693285273831594,0.8647628712945086,"(3.000133514404297, -0.0010158419609069824)","(3.0, 0.0)",stable,True
182,0,"(2.8788995013887644, -0.5863738817128114)","(2.999410629272461, -0.0001390457182424143)","(3.0, 0.0)",stable,True,2.8788995013887644,-0.5863738817128114,"(2.9998531341552734, -8.239746239269152e-05)","(3.0, 0.0)",stable,True
183,0,"(3.265412793285737, 0.32496671327353277)","(2.999390125274658, 0.0001801610051188618)","(3.0, 0.0)",stable,True,3.265412793285737,0.32496671327353277,"(2.9984354972839355, 0.0003822028520517051)","(3.0, 0.0)",stable,True
184,0,"(2.4534957128134343, -0.31702928489111293)","(3.001260757446289, 0.0004987955326214433)","(3.0, 0.0)",stable,True,2.4534957128134343,-0.31702928489111293,"(2.999901533126831, 0.0002629041555337608)","(3.0, 0.0)",stable,True
185,0,"(2.5695398893747785, -0.6798847939608834)","(3.002357006072998, 0.002077293349429965)","(3.0, 0.0)",stable,True,2.5695398893747785,-0.6798847939608834,"(2.9984779357910156, -0.0008611440425738692)","(3.0, 0.0)",stable,True
186,0,"(4.014097695079307, -0.3547391655689882)","(2.999579668045044, 0.00031831860542297363)","(3.0, 0.0)",stable,True,4.014097695079307,-0.3547391655689882,"(3.000269889831543, -1.8119811784345075e-06)","(3.0, 0.0)",stable,True
187,0,"(3.5091811127258827, -0.6876815217761303)","(2.999898672103882, -0.0003567337989807129)","(3.0, 0.0)",stable,True,3.5091811127258827,-0.6876815217761303,"(3.0000178813934326, 3.4832955861929804e-05)","(3.0, 0.0)",stable,True
188,0,"(3.8332753235959705, 0.23647884639272015)","(3.0012564659118652, -0.0004890561103820801)","(3.0, 0.0)",stable,True,3.8332753235959705,0.23647884639272015,"(3.0001418590545654, 9.133815910900012e-05)","(3.0, 0.0)",stable,True
189,0,"(3.3386166511129276, 0.7854067691915457)","(2.999042510986328, 0.0039211749099195)","(3.0, 0.0)",stable,True,3.3386166511129276,0.7854067691915457,"(3.002070188522339, 0.000945532345212996)","(3.0, 0.0)",stable,True
190,0,"(2.210850083473806, -0.0224255249172919)","(3.0020337104797363, -0.00025900453329086304)","(3.0, 0.0)",stable,True,2.210850083473806,-0.0224255249172919,"(2.999298572540283, 0.00013385675265453756)","(3.0, 0.0)",stable,True
191,0,"(3.4225292140777697, 0.06741731541677227)","(2.999906063079834, -0.0017145753372460604)","(3.0, 0.0)",stable,True,3.4225292140777697,0.06741731541677227,"(2.999959945678711, 6.429701898014173e-05)","(3.0, 0.0)",stable,True
192,0,"(3.3605694189060693, 0.04860094460680658)","(3.0001721382141113, -6.932765245437622e-05)","(3.0, 0.0)",stable,True,3.3605694189060693,0.04860094460680658,"(3.0005223751068115, 5.3272397053660825e-05)","(3.0, 0.0)",stable,True
193,0,"(2.59706729623333, -0.369682421554376)","(3.0002546310424805, -6.937384750926867e-05)","(3.0, 0.0)",stable,True,2.59706729623333,-0.369682421554376,"(2.999784469604492, 4.3827294575748965e-05)","(3.0, 0.0)",stable,True
194,0,"(2.361227522454825, 0.1480296779407424)","(2.99501895904541, 0.0005084186559543014)","(3.0, 0.0)",stable,True,2.361227522454825,0.1480296779407424,"(2.9998011589050293, 0.00010049044794868678)","(3.0, 0.0)",stable,True
195,0,"(3.0545840700349847, 0.1764097997327753)","(2.999797821044922, -0.00013960599608253688)","(3.0, 0.0)",stable,True,3.0545840700349847,0.1764097997327753,"(3.000645160675049, 0.00048801006050780416)","(3.0, 0.0)",stable,True
196,0,"(3.595292245124017, 0.2757240700226013)","(3.000152587890625, 0.00035963059053756297)","(3.0, 0.0)",stable,True,3.595292245124017,0.2757240700226013,"(3.001814126968384, 0.001154136611148715)","(3.0, 0.0)",stable,True
197,0,"(3.2257812880146153, 0.2897657344405251)","(2.999509811401367, 0.00011736154556274414)","(3.0, 0.0)",stable,True,3.2257812880146153,0.2897657344405251,"(2.9992871284484863, 4.413128044689074e-05)","(3.0, 0.0)",stable,True
198,0,"(2.978768925676417, 0.2830710029878814)","(2.999528408050537, 7.764696783851832e-05)","(3.0, 0.0)",stable,True,2.978768925676417,0.2830710029878814,"(2.999361276626587, 0.00016998648061417043)","(3.0, 0.0)",stable,True
199,0,"(2.9960653427788686, 0.20224329338786448)","(2.999588966369629, 9.184181544696912e-05)","(3.0, 0.0)",stable,True,2.9960653427788686,0.20224329338786448,"(3.0019900798797607, 0.001588755869306624)","(3.0, 0.0)",stable,True
0,0,"(0.03112063128863286, -0.10954499580032034)","(0.00044252871884964406, -0.0004093468305654824)","(0.0, 0.0)",unstable,False,0.03112063128863286,-0.10954499580032034,"(-0.0015822738641873002, 1.9961780309677124)","(0.0, 2.0)",stable,False
1,0,"(0.9503238774049931, 0.396953092084744)","(2.997817039489746, 0.00041579006938263774)","(3.0, 0.0)",stable,True,0.9503238774049931,0.396953092084744,"(2.998690128326416, -0.0011034250492230058)","(3.0, 0.0)",stable,True
2,0,"(0.24489036295499728, 0.03568521257815262)","(0.003648108337074518, 0.0003150455595459789)","(0.0, 0.0)",unstable,False,0.24489036295499728,0.03568521257815262,"(1.1637837886810303, 0.8885102272033691)",None,None,False
3,0,"(-0.5898248013148364, -0.189331600504306)","(-0.12416587024927139, -0.027007680386304855)",,,False,-0.5898248013148364,-0.189331600504306,"(-0.1369997262954712, -0.029431229457259178)",None,None,False
4,0,"(0.191725504307027, 0.5620304685294462)","(0.0012785762082785368, 0.002845203969627619)","(0.0, 0.0)",unstable,False,0.191725504307027,0.5620304685294462,"(-3.4511090234445874e-06, 1.9997234344482422)","(0.0, 2.0)",stable,True
5,0,"(-0.13591105094633593, 0.25957884179440033)","(-0.0012327193981036544, 0.0020577609539031982)","(0.0, 0.0)",unstable,False,-0.13591105094633593,0.25957884179440033,"(0.46728864312171936, 1.4295068979263306)",None,None,False
6,0,"(-0.040784471076806196, 0.17264157250067874)","(-0.00038991792825981975, 0.0018478691345080733)","(0.0, 0.0)",unstable,False,-0.040784471076806196,0.17264157250067874,"(0.0003318585513625294, 2.0000438690185547)","(0.0, 2.0)",stable,True
7,0,"(0.2002948402929318, -0.4884175100029652)","(0.0012534887064248323, -0.005355215165764093)","(0.0, 0.0)",unstable,False,0.2002948402929318,-0.4884175100029652,"(0.0001424849033355713, 2.003916025161743)","(0.0, 2.0)",stable,False
8,0,"(0.1715641641570666, 1.4080457735552354)","(9.587407475919463e-06, 2.0001964569091797)","(0.0, 2.0)",stable,True,0.1715641641570666,1.4080457735552354,"(0.0002387642889516428, 2.0004191398620605)","(0.0, 2.0)",stable,True
9,0,"(0.702473307233152, 0.03767795485310627)","(0.0030048489570617676, -0.0020891339518129826)","(0.0, 0.0)",unstable,False,0.702473307233152,0.03767795485310627,"(2.9990267753601074, -0.0008070856565609574)","(3.0, 0.0)",stable,True
10,0,"(0.6692417733488066, 0.571585008987334)","(2.373122453689575, 0.2390632927417755)",,,False,0.6692417733488066,0.571585008987334,"(2.9962048530578613, -0.0004314303514547646)","(3.0, 0.0)",stable,True
11,0,"(-0.4845151522380238, -0.6979367888734949)","(-0.10724477469921112, -0.2615951895713806)",,,False,-0.4845151522380238,-0.6979367888734949,"(-0.12513837218284607, -0.2759639322757721)",None,None,False
12,0,"(-0.7889636241802429, -0.15873496778399485)","(-0.21695446968078613, 0.007990089245140553)",,,False,-0.7889636241802429,-0.15873496778399485,"(-0.19228866696357727, 0.010612058453261852)",None,None,False
13,0,"(-0.317175708738031, -0.4037207570425423)","(-0.06523818522691727, -0.1258186399936676)",,,False,-0.317175708738031,-0.4037207570425423,"(-0.05763804167509079, -0.12396569550037384)",None,None,False
14,0,"(0.0489193304080623, -0.056861447415195936)","(0.00012572556443046778, 0.0001392818958265707)","(0.0, 0.0)",unstable,False,0.0489193304080623,-0.056861447415195936,"(0.002544501330703497, 1.9960048198699951)","(0.0, 2.0)",stable,False
15,0,"(0.4377038645137576, -0.7012084752335656)","(0.003206914756447077, -0.004041528794914484)","(0.0, 0.0)",unstable,False,0.4377038645137576,-0.7012084752335656,"(0.007870960049331188, 1.9909026622772217)","(0.0, 2.0)",stable,False
16,0,"(-0.06111211448170309, 0.36320634007880065)","(-0.00012263729877304286, 0.0007357954746112227)","(0.0, 0.0)",unstable,False,-0.06111211448170309,0.36320634007880065,"(0.770682156085968, 1.1727688312530518)",None,None,False
17,0,"(-0.3083174345390026, -0.6707309323528082)","(-0.0645357072353363, -0.25103604793548584)",,,False,-0.3083174345390026,-0.6707309323528082,"(-0.05950721353292465, -0.2420140504837036)",None,None,False
18,0,"(0.20122136078039204, -0.22592043286014146)","(0.0022549063432961702, -0.002639582846313715)","(0.0, 0.0)",unstable,False,0.20122136078039204,-0.22592043286014146,"(-0.00013351142115425318, 2.0082340240478516)","(0.0, 2.0)",stable,False
19,0,"(0.4342100230939993, -0.13870236171813072)","(0.0027236640453338623, 0.00034900009632110596)","(0.0, 0.0)",unstable,False,0.4342100230939993,-0.13870236171813072,"(2.9932453632354736, -0.0009389251354150474)","(3.0, 0.0)",stable,True
20,0,"(0.6751160064863146, -0.4658910383606646)","(0.0029200552962720394, -0.0005595445400103927)","(0.0, 0.0)",unstable,False,0.6751160064863146,-0.4658910383606646,"(2.996152639389038, 0.002097564982250333)","(3.0, 0.0)",stable,True
21,0,"(1.0644223632468282, -0.39675852281734014)","(2.9995510578155518, -0.0005229950184002519)","(3.0, 0.0)",stable,True,1.0644223632468282,-0.39675852281734014,"(3.000375270843506, 0.0011367679107934237)","(3.0, 0.0)",stable,True
22,0,"(0.39360137414966373, 1.0500576669922792)","(-0.0012223541270941496, 1.9992517232894897)","(0.0, 2.0)",stable,True,0.39360137414966373,1.0500576669922792,"(-1.7964839571504854e-05, 1.9999465942382812)","(0.0, 2.0)",stable,True
23,0,"(-0.1108025315602976, 0.4731856470515844)","(-6.682574894512072e-05, 0.0016557157505303621)","(0.0, 0.0)",unstable,False,-0.1108025315602976,0.4731856470515844,"(0.0006733491900376976, 1.999032735824585)","(0.0, 2.0)",stable,True
24,0,"(0.7657373732613147, -1.4942923400513628)","(2.9989161491394043, -0.001072144485078752)","(3.0, 0.0)",stable,True,0.7657373732613147,-1.4942923400513628,"(2.9990460872650146, -0.0010269880294799805)","(3.0, 0.0)",stable,True
25,0,"(0.9455755586539812, 0.596652461475325)","(2.998015880584717, 0.0020492910407483578)","(3.0, 0.0)",stable,True,0.9455755586539812,0.596652461475325,"(2.9997119903564453, 0.00044716597767546773)","(3.0, 0.0)",stable,True
26,0,"(0.4059275207637281, 0.4943630950550384)","(0.004685467574745417, 0.005176663398742676)","(0.0, 0.0)",unstable,False,0.4059275207637281,0.4943630950550384,"(1.094351053237915, 0.9341127276420593)","(1.0, 1.0)",unstable,False
27,0,"(0.4819032055468442, 0.48332306450533263)","(1.0364370346069336, 0.9747042655944824)","(1.0, 1.0)",unstable,False,0.4819032055468442,0.48332306450533263,"(1.0458385944366455, 0.9679437875747681)","(1.0, 1.0)",unstable,False
28,0,"(-0.5105569457997058, -0.8974385105189502)","(-0.1341993361711502, -0.383154034614563)",,,False,-0.5105569457997058,-0.8974385105189502,"(-0.1556660532951355, -0.40067464113235474)",None,None,False
29,0,"(-0.8466313638200247, -0.13228204362226287)","(-0.22603526711463928, 0.028956344351172447)",,,False,-0.8466313638200247,-0.13228204362226287,"(-3.5249295234680176, 1.3216463327407837)",None,None,False
30,0,"(-0.0211974863425049, -0.1611584085371128)","(-0.0008980065467767417, -0.019449833780527115)","(0.0, 0.0)",unstable,False,-0.0211974863425049,-0.1611584085371128,"(-0.0009446226176805794, -0.01730978488922119)","(0.0, 0.0)",unstable,False
31,0,"(0.2728485594829809, 0.4383093818018253)","(5.048513412475586e-05, 0.001181447529233992)","(0.0, 0.0)",unstable,False,0.2728485594829809,0.4383093818018253,"(0.0004004478396382183, 1.999585747718811)","(0.0, 2.0)",stable,True
32,0,"(1.387407311515623, 0.8213908042636109)","(3.0003979206085205, -0.00011972188804065809)","(3.0, 0.0)",stable,True,1.387407311515623,0.8213908042636109,"(3.000426769256592, -0.00010263919830322266)","(3.0, 0.0)",stable,True
33,0,"(0.16589532341945304, -0.8382998395339661)","(0.006721797399222851, 1.9964300394058228)","(0.0, 2.0)",stable,False,0.16589532341945304,-0.8382998395339661,"(0.004149693064391613, 1.9888379573822021)","(0.0, 2.0)",stable,False
34,0,"(0.3749869737158242, 0.18097365216275244)","(0.0010178089141845703, -0.0002012073964579031)","(0.0, 0.0)",unstable,False,0.3749869737158242,0.18097365216275244,"(3.001445770263672, -0.0007374763372354209)","(3.0, 0.0)",stable,True
35,0,"(-0.19547423005095962, -0.4958268664837474)","(-0.029187265783548355, -0.13988269865512848)",,,False,-0.19547423005095962,-0.4958268664837474,"(-0.02596706710755825, -0.14437291026115417)",None,None,False
36,0,"(-0.9390211272946534, 0.15652468356929514)","(0.005654633045196533, 1.991308569908142)","(0.0, 2.0)",stable,False,-0.9390211272946534,0.15652468356929514,"(-0.028373658657073975, 1.994228720664978)","(0.0, 2.0)",stable,False
37,0,"(1.0865179353251102, 0.051755917844468494)","(2.998018980026245, -6.236210174392909e-05)","(3.0, 0.0)",stable,True,1.0865179353251102,0.051755917844468494,"(3.000946044921875, -0.00137405248824507)","(3.0, 0.0)",stable,True
38,0,"(0.029510323600862018, -0.06707392927370016)","(0.0003293856862001121, -3.7297606468200684e-05)","(0.0, 0.0)",unstable,False,0.029510323600862018,-0.06707392927370016,"(0.0013935796450823545, 1.9986660480499268)","(0.0, 2.0)",stable,False
39,0,"(-0.21672687223886672, -0.16432819278201932)","(-0.02838713489472866, -0.037240974605083466)","(0.0, 0.0)",unstable,False,-0.21672687223886672,-0.16432819278201932,"(-0.02355753257870674, -0.030078699812293053)","(0.0, 0.0)",unstable,False
40,0,"(0.4862217550480864, -0.06882203634742666)","(0.0012619912158697844, 0.00020964295254088938)","(0.0, 0.0)",unstable,False,0.4862217550480864,-0.06882203634742666,"(3.0023751258850098, 0.0006292477482929826)","(3.0, 0.0)",stable,True
41,0,"(0.3299875452407924, -0.46701122538873063)","(0.0028606951236724854, -0.0033246695529669523)","(0.0, 0.0)",unstable,False,0.3299875452407924,-0.46701122538873063,"(0.0011347770923748612, 2.005615711212158)","(0.0, 2.0)",stable,False
42,0,"(-0.7211907150249667, -0.039224692138894866)","(-0.16928312182426453, 0.06146327406167984)",,,False,-0.7211907150249667,-0.039224692138894866,"(-0.15262921154499054, 0.07461453974246979)",None,None,False
43,0,"(-0.536908400432035, 1.1114723230310672)","(0.00039942265721037984, 1.999982237815857)","(0.0, 2.0)",stable,True,-0.536908400432035,1.1114723230310672,"(-0.0004215240478515625, 1.9990293979644775)","(0.0, 2.0)",stable,True
44,0,"(-0.628668440742624, 0.3776088924097204)","(0.0015718459617346525, -0.0038712681271135807)","(0.0, 0.0)",unstable,False,-0.628668440742624,0.3776088924097204,"(-0.0019412398105487227, 2.000983238220215)","(0.0, 2.0)",stable,True
45,0,"(0.23397144836392553, 0.23754399137077734)","(0.0022504390217363834, 0.002047273563221097)","(0.0, 0.0)",unstable,False,0.23397144836392553,0.23754399137077734,"(1.2669177055358887, 0.8227097392082214)",None,None,False
46,0,"(0.8328650096011204, 0.2706783228247923)","(3.0002987384796143, -0.00015679598436690867)","(3.0, 0.0)",stable,True,0.8328650096011204,0.2706783228247923,"(2.9970641136169434, 0.00018107891082763672)","(3.0, 0.0)",stable,True
47,0,"(-0.3860636035469299, -0.4495784305534801)","(-0.08870793879032135, -0.1520930379629135)",,,False,-0.3860636035469299,-0.4495784305534801,"(-0.07977861911058426, -0.14486023783683777)",None,None,False
48,0,"(-0.406029067074075, 0.9296787222883678)","(-6.583928916370496e-05, 1.9997745752334595)","(0.0, 2.0)",stable,True,-0.406029067074075,0.9296787222883678,"(4.0674211049918085e-05, 1.9999717473983765)","(0.0, 2.0)",stable,True
49,0,"(-0.20888314591061574, 0.03938677828355853)","(-0.0009472936508245766, -4.167109727859497e-05)","(0.0, 0.0)",unstable,False,-0.20888314591061574,0.03938677828355853,"(2.6197047233581543, 0.14264097809791565)",None,None,False
50,0,"(0.1950090671071052, 1.2137918544019048)","(8.373856690013781e-05, 2.000143051147461)","(0.0, 2.0)",stable,True,0.1950090671071052,1.2137918544019048,"(-4.316866397857666e-05, 2.001469612121582)","(0.0, 2.0)",stable,True
51,0,"(1.4821561973260824, 1.6168100959725016)","(0.0007509469869546592, -0.0011873483890667558)","(0.0, 0.0)",unstable,False,1.4821561973260824,1.6168100959725016,"(0.003312015440315008, 2.001826286315918)","(0.0, 2.0)",stable,True
52,0,"(0.01773113306330154, 0.6864301008088816)","(0.0003435257822275162, 0.0006303548580035567)","(0.0, 0.0)",unstable,False,0.01773113306330154,0.6864301008088816,"(-1.5562773114652373e-05, 1.9972336292266846)","(0.0, 2.0)",stable,True
53,0,"(0.3091792624142311, 0.9002171910493995)","(0.0002923250140156597, 1.999596357345581)","(0.0, 2.0)",stable,True,0.3091792624142311,0.9002171910493995,"(0.00030387044535018504, 1.9998290538787842)","(0.0, 2.0)",stable,True
54,0,"(1.2620613040722124, -0.0794135113783574)","(2.9989168643951416, -0.00010955632023978978)","(3.0, 0.0)",stable,True,1.2620613040722124,-0.0794135113783574,"(3.0039420127868652, 0.001024617231450975)","(3.0, 0.0)",stable,True
55,0,"(1.061628024802207, 0.32749270915110495)","(3.0002708435058594, 0.0002567589399404824)","(3.0, 0.0)",stable,True,1.061628024802207,0.32749270915110495,"(2.9986376762390137, -0.0006959676975384355)","(3.0, 0.0)",stable,True
56,0,"(0.3381320480928832, 0.9769789667370351)","(3.335475776111707e-05, 2.000004529953003)","(0.0, 2.0)",stable,True,0.3381320480928832,0.9769789667370351,"(0.0003635227621998638, 1.9995708465576172)","(0.0, 2.0)",stable,True
57,0,"(1.3099795068434725, 0.7134480252659575)","(2.9989306926727295, 0.0001532435417175293)","(3.0, 0.0)",stable,True,1.3099795068434725,0.7134480252659575,"(3.0008978843688965, -0.00020679234876297414)","(3.0, 0.0)",stable,True
58,0,"(1.5130520963628797, 1.635337161367119)","(-0.0015181780327111483, 0.0008132219081744552)","(0.0, 0.0)",unstable,False,1.5130520963628797,1.635337161367119,"(-0.004450726322829723, 2.001176357269287)","(0.0, 2.0)",stable,True
59,0,"(0.6586355284188297, 0.6498399648893636)","(2.290214776992798, 0.2771291136741638)",,,False,0.6586355284188297,0.6498399648893636,"(1.4449660778045654, 0.7103532552719116)",None,None,False
60,0,"(1.724967927528091, 1.502852069312285)","(0.000211930280784145, -0.006228613667190075)","(0.0, 0.0)",unstable,False,1.724967927528091,1.502852069312285,"(0.01823728159070015, 1.9636608362197876)","(0.0, 2.0)",stable,True
61,0,"(1.7644984717891037, 0.9379075587462506)","(3.000242233276367, -0.0014260411262512207)","(3.0, 0.0)",stable,True,1.7644984717891037,0.9379075587462506,"(2.99971079826355, 0.00013364553160499781)","(3.0, 0.0)",stable,True
62,0,"(1.5709262605744563, 1.070667734011709)","(2.110757827758789, 0.3597886264324188)",,,False,1.5709262605744563,1.070667734011709,"(3.000239849090576, 0.001595568610355258)","(3.0, 0.0)",stable,True
63,0,"(0.4764521302182443, 1.4650512417966959)","(0.00035625099553726614, 1.999831199645996)","(0.0, 2.0)",stable,True,0.4764521302182443,1.4650512417966959,"(9.65535655268468e-05, 1.9992713928222656)","(0.0, 2.0)",stable,True
64,0,"(0.12728916350209918, 1.0962955983708178)","(0.0012666791444644332, 2.0003068447113037)","(0.0, 2.0)",stable,True,0.12728916350209918,1.0962955983708178,"(-0.00021020471467636526, 1.9996492862701416)","(0.0, 2.0)",stable,True
65,0,"(0.9141917513601827, 1.096741161035244)","(-1.3184547242417466e-05, 2.0001866817474365)","(0.0, 2.0)",stable,True,0.9141917513601827,1.096741161035244,"(4.7016143071232364e-05, 1.9999237060546875)","(0.0, 2.0)",stable,True
66,0,"(1.2285955649826803, 1.2672960503601192)","(0.9893986582756042, 1.0081360340118408)","(1.0, 1.0)",unstable,False,1.2285955649826803,1.2672960503601192,"(-0.0011070966720581055, 1.999579668045044)","(0.0, 2.0)",stable,True
67,0,"(1.7884888562668313, 0.8049750115331382)","(2.99991512298584, -0.0008398175123147666)","(3.0, 0.0)",stable,True,1.7884888562668313,0.8049750115331382,"(3.001192092895508, -0.0009207010152749717)","(3.0, 0.0)",stable,True
68,0,"(1.2116253234472607, 1.9668790023448794)","(0.0051622153259813786, 1.9987590312957764)","(0.0, 2.0)",stable,True,1.2116253234472607,1.9668790023448794,"(0.0025217055808752775, 2.0011074542999268)","(0.0, 2.0)",stable,True
69,0,"(1.5715258946059283, 0.8582853543421343)","(3.001743793487549, -0.003851306391879916)","(3.0, 0.0)",stable,True,1.5715258946059283,0.8582853543421343,"(3.000009775161743, -0.0014601349830627441)","(3.0, 0.0)",stable,True
70,0,"(0.5484520683875258, 0.719956299611016)","(0.9754322171211243, 1.0168960094451904)","(1.0, 1.0)",unstable,False,0.5484520683875258,0.719956299611016,"(0.0011964082950726151, 1.9988529682159424)","(0.0, 2.0)",stable,True
71,0,"(1.150381358526837, 0.22713967965251014)","(2.9980432987213135, -0.00018675028695724905)","(3.0, 0.0)",stable,True,1.150381358526837,0.22713967965251014,"(3.001004695892334, -0.00018529892258811742)","(3.0, 0.0)",stable,True
72,0,"(0.6145254505088263, 1.5678047746696073)","(-0.0004810214159078896, 2.0002379417419434)","(0.0, 2.0)",stable,True,0.6145254505088263,1.5678047746696073,"(-0.002803802490234375, 2.000805377960205)","(0.0, 2.0)",stable,True
73,0,"(1.5122575451032096, 1.325536296036578)","(0.15942256152629852, 1.7599761486053467)",,,False,1.5122575451032096,1.325536296036578,"(0.8727880716323853, 1.0933085680007935)",None,None,False
74,0,"(1.5911695542881403, 1.2032665935940878)","(1.0587104558944702, 0.9605509638786316)","(1.0, 1.0)",unstable,False,1.5911695542881403,1.2032665935940878,"(2.6504759788513184, 0.12605556845664978)",None,None,False
75,0,"(1.4493763464247422, 1.6612870116312117)","(-0.011278796009719372, -0.0115518094971776)","(0.0, 0.0)",unstable,False,1.4493763464247422,1.6612870116312117,"(0.0023012161254882812, 2.0013883113861084)","(0.0, 2.0)",stable,True
76,0,"(1.7917788966450368, 0.29712128673854776)","(2.9995741844177246, -2.7734040486393496e-05)","(3.0, 0.0)",stable,True,1.7917788966450368,0.29712128673854776,"(2.9998364448547363, 7.222294516395777e-05)","(3.0, 0.0)",stable,True
77,0,"(0.8166647874134038, 0.9611181201632281)","(0.34814155101776123, 1.5481681823730469)",,,False,0.8166647874134038,0.9611181201632281,"(9.183883958030492e-05, 1.999921202659607)","(0.0, 2.0)",stable,True
78,0,"(1.8049284320003554, 2.056476243503042)","(-0.008150172419846058, 1.9984384775161743)","(0.0, 2.0)",stable,True,1.8049284320003554,2.056476243503042,"(0.00010285377356922254, 1.9991077184677124)","(0.0, 2.0)",stable,True
79,0,"(1.1189227068351135, 0.9747515847593734)","(2.1795196533203125, 0.32661399245262146)",,,False,1.1189227068351135,0.9747515847593734,"(2.9095652103424072, 0.030794167891144753)","(3.0, 0.0)",stable,False
80,0,"(0.9168192585776365, 0.9948297950110184)","(0.9817382097244263, 1.013298511505127)","(1.0, 1.0)",unstable,False,0.9168192585776365,0.9948297950110184,"(0.0008655190467834473, 1.9989038705825806)","(0.0, 2.0)",stable,True
81,0,"(1.0693285273831596, 1.8647628712945086)","(0.00043120383634231985, 0.006438732147216797)","(0.0, 0.0)",unstable,False,1.0693285273831596,1.8647628712945086,"(-0.0003919124719686806, 2.000237464904785)","(0.0, 2.0)",stable,True
82,0,"(0.8788995013887645, 0.41362611828718865)","(2.9990200996398926, 0.0004324674664530903)","(3.0, 0.0)",stable,True,0.8788995013887645,0.41362611828718865,"(3.000551700592041, -0.0004927337286062539)","(3.0, 0.0)",stable,True
83,0,"(1.2654127932857373, 1.3249667132735328)","(0.9909377098083496, 1.0065761804580688)","(1.0, 1.0)",unstable,False,1.2654127932857373,1.3249667132735328,"(0.000444197648903355, 2.0004775524139404)","(0.0, 2.0)",stable,True
84,0,"(0.45349571281343426, 0.6829707151088871)","(9.90867629298009e-05, 1.9984815120697021)","(0.0, 2.0)",stable,True,0.45349571281343426,0.6829707151088871,"(-2.7388334274291992e-05, 2.0008838176727295)","(0.0, 2.0)",stable,True
85,0,"(0.5695398893747785, 0.3201152060391166)","(0.0023405433166772127, 0.0018265187973156571)","(0.0, 0.0)",unstable,False,0.5695398893747785,0.3201152060391166,"(1.3604915142059326, 0.7646617889404297)",None,None,False
86,0,"(2.0140976950793066, 0.6452608344310118)","(3.0002055168151855, -0.00039948226185515523)","(3.0, 0.0)",stable,True,2.0140976950793066,0.6452608344310118,"(2.999685764312744, 0.00017189979553222656)","(3.0, 0.0)",stable,True
87,0,"(1.5091811127258825, 0.3123184782238697)","(3.000225305557251, -4.1085480916080996e-05)","(3.0, 0.0)",stable,True,1.5091811127258825,0.3123184782238697,"(3.0011024475097656, -0.0003399133565835655)","(3.0, 0.0)",stable,True
88,0,"(1.8332753235959705, 1.23647884639272)","(1.0233983993530273, 0.9857107400894165)","(1.0, 1.0)",unstable,False,1.8332753235959705,1.23647884639272,"(1.0453381538391113, 0.969048798084259)","(1.0, 1.0)",unstable,False
89,0,"(1.3386166511129278, 1.7854067691915456)","(0.00021746158017776906, 2.000469923019409)","(0.0, 2.0)",stable,True,1.3386166511129278,1.7854067691915456,"(0.00021929740614723414, 2.000241756439209)","(0.0, 2.0)",stable,True
90,0,"(0.21085008347380574, 0.9775744750827081)","(0.00011853575415443629, 1.9997808933258057)","(0.0, 2.0)",stable,True,0.21085008347380574,0.9775744750827081,"(-0.00014205873594619334, 2.0014052391052246)","(0.0, 2.0)",stable,True
91,0,"(1.4225292140777694, 1.0674173154167723)","(1.0288937091827393, 0.9784671664237976)","(1.0, 1.0)",unstable,False,1.4225292140777694,1.0674173154167723,"(3.000154495239258, 0.00087399483891204)","(3.0, 0.0)",stable,True
92,0,"(1.3605694189060693, 1.0486009446068065)","(2.067897081375122, 0.3758542835712433)",,,False,1.3605694189060693,1.0486009446068065,"(3.0003089904785156, 0.00030536652775481343)","(3.0, 0.0)",stable,True
93,0,"(0.59706729623333, 0.6303175784456241)","(1.3362237215042114, 0.776267409324646)",,,False,0.59706729623333,0.6303175784456241,"(2.3611550331115723, 0.24610157310962677)",None,None,False
94,0,"(0.36122752245482526, 1.1480296779407424)","(-0.00023578405671287328, 1.9999606609344482)","(0.0, 2.0)",stable,True,0.36122752245482526,1.1480296779407424,"(-0.00017001628293655813, 1.9997103214263916)","(0.0, 2.0)",stable,True
95,0,"(1.0545840700349847, 1.1764097997327754)","(0.9647895097732544, 1.024631142616272)","(1.0, 1.0)",unstable,False,1.0545840700349847,1.1764097997327754,"(0.0003284692647866905, 1.9995243549346924)","(0.0, 2.0)",stable,True
96,0,"(1.5952922451240168, 1.2757240700226014)","(1.006439447402954, 0.9918745756149292)","(1.0, 1.0)",unstable,False,1.5952922451240168,1.2757240700226014,"(2.327497720718384, 0.2614729106426239)",None,None,False
97,0,"(1.225781288014615, 1.2897657344405251)","(0.02373197115957737, 1.9693918228149414)","(0.0, 2.0)",stable,False,1.225781288014615,1.2897657344405251,"(-0.0006804227596148849, 1.9996917247772217)","(0.0, 2.0)",stable,True
98,0,"(0.9787689256764169, 1.2830710029878813)","(0.3998469412326813, 1.4934499263763428)",,,False,0.9787689256764169,1.2830710029878813,"(-0.0017392992740496993, 1.9998209476470947)","(0.0, 2.0)",stable,True
99,0,"(0.9960653427788687, 1.2022432933878644)","(0.007799672894179821, 1.9957062005996704)","(0.0, 2.0)",stable,False,0.9960653427788687,1.2022432933878644,"(-0.0009777903323993087, 2.001368999481201)","(0.0, 2.0)",stable,True
100,0,"(-0.8049909328928948, 2.213791854401905)","(0.0009039640426635742, 1.9997947216033936)","(0.0, 2.0)",stable,True,-0.8049909328928948,2.213791854401905,"(-0.000810301280580461, 1.9999946355819702)","(0.0, 2.0)",stable,True
101,0,"(0.4821561973260824, 2.6168100959725016)","(-0.006831043865531683, -0.012012386694550514)","(0.0, 0.0)",unstable,False,0.4821561973260824,2.6168100959725016,"(0.0008912623161450028, 2.001422166824341)","(0.0, 2.0)",stable,True
102,0,"(-0.9822688669366985, 1.6864301008088816)","(0.0002238154411315918, 1.999873399734497)","(0.0, 2.0)",stable,True,-0.9822688669366985,1.6864301008088816,"(0.0021882057189941406, 2.0014681816101074)","(0.0, 2.0)",stable,True
103,0,"(-0.6908207375857689, 1.9002171910493995)","(7.603168342029676e-05, 2.000148057937622)","(0.0, 2.0)",stable,True,-0.6908207375857689,1.9002171910493995,"(-0.00016213655180763453, 1.9999446868896484)","(0.0, 2.0)",stable,True
104,0,"(0.26206130407221234, 0.9205864886216426)","(-0.0004173278866801411, 2.0008530616760254)","(0.0, 2.0)",stable,True,0.26206130407221234,0.9205864886216426,"(6.049275543773547e-05, 1.9998741149902344)","(0.0, 2.0)",stable,True
105,0,"(0.061628024802206936, 1.3274927091511048)","(-5.9717149269999936e-05, 2.000624656677246)","(0.0, 2.0)",stable,True,0.061628024802206936,1.3274927091511048,"(-0.00015532001270912588, 1.9998924732208252)","(0.0, 2.0)",stable,True
106,0,"(-0.6618679519071168, 1.9769789667370352)","(0.0012232183944433928, 2.0002999305725098)","(0.0, 2.0)",stable,True,-0.6618679519071168,1.9769789667370352,"(0.0007231116178445518, 2.000765323638916)","(0.0, 2.0)",stable,True
107,0,"(0.30997950684347253, 1.7134480252659574)","(-0.0004906117683276534, 2.0004372596740723)","(0.0, 2.0)",stable,True,0.30997950684347253,1.7134480252659574,"(0.0003695249615702778, 1.9999672174453735)","(0.0, 2.0)",stable,True
108,0,"(0.5130520963628797, 2.635337161367119)","(0.05656453222036362, 0.6999908685684204)",,,False,0.5130520963628797,2.635337161367119,"(0.0006885647890157998, 2.001613140106201)","(0.0, 2.0)",stable,True
109,0,"(-0.3413644715811703, 1.6498399648893636)","(8.981824066722766e-05, 2.0001630783081055)","(0.0, 2.0)",stable,True,-0.3413644715811703,1.6498399648893636,"(-0.00027958155260421336, 2.0000619888305664)","(0.0, 2.0)",stable,True
110,0,"(0.7249679275280909, 2.502852069312285)","(0.0013695001835003495, 2.000981569290161)","(0.0, 2.0)",stable,True,0.7249679275280909,2.502852069312285,"(-0.00021153688430786133, 1.9998128414154053)","(0.0, 2.0)",stable,True
111,0,"(0.7644984717891037, 1.9379075587462506)","(-0.0001244187296833843, 1.9998366832733154)","(0.0, 2.0)",stable,True,0.7644984717891037,1.9379075587462506,"(3.0636788324045483e-06, 1.999568223953247)","(0.0, 2.0)",stable,True
112,0,"(0.5709262605744563, 2.070667734011709)","(-0.0011913657654076815, 1.9993934631347656)","(0.0, 2.0)",stable,True,0.5709262605744563,2.070667734011709,"(0.00045119522837921977, 2.000185012817383)","(0.0, 2.0)",stable,True
113,0,"(-0.5235478697817557, 2.465051241796696)","(0.001606845878995955, 1.9988733530044556)","(0.0, 2.0)",stable,True,-0.5235478697817557,2.465051241796696,"(-0.00012019872519886121, 2.0000410079956055)","(0.0, 2.0)",stable,True
114,0,"(-0.8727108364979008, 2.096295598370818)","(0.00021761655807495117, 2.000063180923462)","(0.0, 2.0)",stable,True,-0.8727108364979008,2.096295598370818,"(-0.001317357993684709, 2.000316858291626)","(0.0, 2.0)",stable,True
115,0,"(-0.08580824863981724, 2.096741161035244)","(3.470182491582818e-05, 2.000027894973755)","(0.0, 2.0)",stable,True,-0.08580824863981724,2.096741161035244,"(0.00020064115233253688, 1.9997797012329102)","(0.0, 2.0)",stable,True
116,0,"(0.22859556498268033, 2.267296050360119)","(0.0008262097835540771, 2.0011768341064453)","(0.0, 2.0)",stable,True,0.22859556498268033,2.267296050360119,"(-0.00028877556906081736, 1.9997789859771729)","(0.0, 2.0)",stable,True
117,0,"(0.7884888562668313, 1.8049750115331382)","(-0.0002815961779560894, 2.0000500679016113)","(0.0, 2.0)",stable,True,0.7884888562668313,1.8049750115331382,"(-0.00020149946794845164, 1.999799370765686)","(0.0, 2.0)",stable,True
118,0,"(0.21162532344726073, 2.9668790023448794)","(-0.0021830976475030184, 1.9949144124984741)","(0.0, 2.0)",stable,True,0.21162532344726073,2.9668790023448794,"(7.752478268230334e-05, 1.9996213912963867)","(0.0, 2.0)",stable,True
119,0,"(0.5715258946059282, 1.8582853543421343)","(3.30805778503418e-05, 2.000213384628296)","(0.0, 2.0)",stable,True,0.5715258946059282,1.8582853543421343,"(0.0003150343836750835, 1.9997224807739258)","(0.0, 2.0)",stable,True
120,0,"(-0.45154793161247414, 1.719956299611016)","(0.00010885596566367894, 2.0002999305725098)","(0.0, 2.0)",stable,True,-0.45154793161247414,1.719956299611016,"(-4.243850526108872e-06, 2.000044584274292)","(0.0, 2.0)",stable,True
121,0,"(0.1503813585268369, 1.22713967965251)","(0.0007576674106530845, 1.9995887279510498)","(0.0, 2.0)",stable,True,0.1503813585268369,1.22713967965251,"(-0.00021581948385573924, 2.0009591579437256)","(0.0, 2.0)",stable,True
122,0,"(-0.38547454949117366, 2.5678047746696073)","(8.237361726060044e-06, 1.9999258518218994)","(0.0, 2.0)",stable,True,-0.38547454949117366,2.5678047746696073,"(-0.00014331340207718313, 2.000338077545166)","(0.0, 2.0)",stable,True
123,0,"(0.5122575451032098, 2.325536296036578)","(-0.0001697540283203125, 1.9995927810668945)","(0.0, 2.0)",stable,True,0.5122575451032098,2.325536296036578,"(-0.000551760196685791, 2.0001840591430664)","(0.0, 2.0)",stable,True
124,0,"(0.5911695542881403, 2.203266593594088)","(-0.0003985762596130371, 1.9998347759246826)","(0.0, 2.0)",stable,True,0.5911695542881403,2.203266593594088,"(-0.000487339508254081, 1.9995561838150024)","(0.0, 2.0)",stable,True
125,0,"(0.4493763464247423, 2.6612870116312117)","(-0.00113927130587399, -0.010822439566254616)","(0.0, 0.0)",unstable,False,0.4493763464247423,2.6612870116312117,"(0.0003184616507496685, 2.0005624294281006)","(0.0, 2.0)",stable,True
126,0,"(0.7917788966450368, 1.2971212867385478)","(0.0019518614280968904, 1.9979984760284424)","(0.0, 2.0)",stable,True,0.7917788966450368,1.2971212867385478,"(0.0004116773488931358, 2.0000429153442383)","(0.0, 2.0)",stable,True
127,0,"(-0.18333521258659627, 1.9611181201632282)","(-4.537403583526611e-05, 1.999995470046997)","(0.0, 2.0)",stable,True,-0.18333521258659627,1.9611181201632282,"(3.464222027105279e-05, 1.9999701976776123)","(0.0, 2.0)",stable,True
128,0,"(0.8049284320003555, 3.056476243503042)","(-0.003938615322113037, 1.9946426153182983)","(0.0, 2.0)",stable,True,0.8049284320003555,3.056476243503042,"(-0.0028479218017309904, 1.9975312948226929)","(0.0, 2.0)",stable,True
129,0,"(0.11892270683511345, 1.9747515847593733)","(0.0004286766052246094, 2.0005669593811035)","(0.0, 2.0)",stable,True,0.11892270683511345,1.9747515847593733,"(-4.9692393076838925e-05, 1.9999656677246094)","(0.0, 2.0)",stable,True
130,0,"(-0.08318074142236354, 1.9948297950110185)","(5.4591895604971796e-05, 1.9999535083770752)","(0.0, 2.0)",stable,True,-0.08318074142236354,1.9948297950110185,"(0.00017387121624778956, 2.000264883041382)","(0.0, 2.0)",stable,True
131,0,"(0.06932852738315962, 2.8647628712945084)","(-3.266781641286798e-05, 1.9998252391815186)","(0.0, 2.0)",stable,True,0.06932852738315962,2.8647628712945084,"(6.590336852241307e-05, 1.9991023540496826)","(0.0, 2.0)",stable,True
132,0,"(-0.12110049861123552, 1.4136261182871888)","(-0.0002955421805381775, 1.999637246131897)","(0.0, 2.0)",stable,True,-0.12110049861123552,1.4136261182871888,"(-0.0003376662789378315, 1.999900221824646)","(0.0, 2.0)",stable,True
133,0,"(0.2654127932857373, 2.3249667132735325)","(1.8149614334106445e-05, 2.0000078678131104)","(0.0, 2.0)",stable,True,0.2654127932857373,2.3249667132735325,"(-0.0012295484775677323, 1.9984642267227173)","(0.0, 2.0)",stable,True
134,0,"(-0.5465042871865657, 1.682970715108887)","(-0.00022848843946121633, 2.0002613067626953)","(0.0, 2.0)",stable,True,-0.5465042871865657,1.682970715108887,"(0.0001796960859792307, 2.000159740447998)","(0.0, 2.0)",stable,True
135,0,"(-0.4304601106252215, 1.3201152060391166)","(-8.92400712473318e-05, 2.0000557899475098)","(0.0, 2.0)",stable,True,-0.4304601106252215,1.3201152060391166,"(2.9850005375919864e-05, 1.9995689392089844)","(0.0, 2.0)",stable,True
136,0,"(1.0140976950793066, 1.6452608344310118)","(0.24409833550453186, 1.6588361263275146)",,,False,1.0140976950793066,1.6452608344310118,"(-0.0016424894565716386, 2.0004115104675293)","(0.0, 2.0)",stable,True
137,0,"(0.5091811127258825, 1.3123184782238697)","(-0.0006557583692483604, 2.000948190689087)","(0.0, 2.0)",stable,True,0.5091811127258825,1.3123184782238697,"(-0.00039423705311492085, 2.0004191398620605)","(0.0, 2.0)",stable,True
138,0,"(0.8332753235959703, 2.2364788463927203)","(-0.0026426552794873714, -0.012492895126342773)","(0.0, 0.0)",unstable,False,0.8332753235959703,2.2364788463927203,"(-0.0009611368295736611, 1.9996020793914795)","(0.0, 2.0)",stable,True
139,0,"(0.33861665111292777, 2.7854067691915456)","(-0.00020781159400939941, 1.9983186721801758)","(0.0, 2.0)",stable,True,0.33861665111292777,2.7854067691915456,"(-0.0009034097311086953, 1.9987564086914062)","(0.0, 2.0)",stable,True
140,0,"(-0.7891499165261943, 1.977574475082708)","(0.0015673994785174727, 2.0007293224334717)","(0.0, 2.0)",stable,True,-0.7891499165261943,1.977574475082708,"(-0.0004492163716349751, 1.999507188796997)","(0.0, 2.0)",stable,True
141,0,"(0.42252921407776944, 2.067417315416772)","(0.00013315081014297903, 1.9999351501464844)","(0.0, 2.0)",stable,True,0.42252921407776944,2.067417315416772,"(-0.000508213066495955, 1.999900460243225)","(0.0, 2.0)",stable,True
142,0,"(0.36056941890606925, 2.0486009446068065)","(4.042387081426568e-05, 1.9998782873153687)","(0.0, 2.0)",stable,True,0.36056941890606925,2.0486009446068065,"(-0.0001738488645059988, 1.9998819828033447)","(0.0, 2.0)",stable,True
143,0,"(-0.40293270376667, 1.630317578445624)","(3.913640830432996e-05, 1.9997594356536865)","(0.0, 2.0)",stable,True,-0.40293270376667,1.630317578445624,"(-0.00027229785337112844, 1.999822974205017)","(0.0, 2.0)",stable,True
144,0,"(-0.6387724775451747, 2.1480296779407424)","(-0.002618813421577215, 1.9995391368865967)","(0.0, 2.0)",stable,True,-0.6387724775451747,2.1480296779407424,"(0.0018679618369787931, 2.0002853870391846)","(0.0, 2.0)",stable,True
145,0,"(0.05458407003498459, 2.176409799732775)","(8.064434223342687e-05, 2.00012469291687)","(0.0, 2.0)",stable,True,0.05458407003498459,2.176409799732775,"(0.00012572109699249268, 2.0001983642578125)","(0.0, 2.0)",stable,True
146,0,"(0.5952922451240169, 2.2757240700226014)","(-0.00033764838008210063, 1.9996652603149414)","(0.0, 2.0)",stable,True,0.5952922451240169,2.2757240700226014,"(-0.0009133339044637978, 1.9996421337127686)","(0.0, 2.0)",stable,True
147,0,"(0.22578128801461506, 2.2897657344405253)","(-0.0016790658701211214, 1.9973920583724976)","(0.0, 2.0)",stable,True,0.22578128801461506,2.2897657344405253,"(-0.00016626715660095215, 1.9998565912246704)","(0.0, 2.0)",stable,True
148,0,"(-0.021231074323583076, 2.2830710029878816)","(-0.00020972751372028142, 2.0003201961517334)","(0.0, 2.0)",stable,True,-0.021231074323583076,2.2830710029878816,"(-5.929432882112451e-05, 2.0000243186950684)","(0.0, 2.0)",stable,True
149,0,"(-0.003934657221131277, 2.2022432933878644)","(-6.35874894214794e-05, 1.999822974205017)","(0.0, 2.0)",stable,True,-0.003934657221131277,2.2022432933878644,"(-0.00013192789629101753, 2.000157594680786)","(0.0, 2.0)",stable,True
150,0,"(2.1950090671071054, 0.2137918544019049)","(2.997044801712036, 0.00028446613578125834)","(3.0, 0.0)",stable,True,2.1950090671071054,0.2137918544019049,"(2.999734401702881, 1.2373924619168974e-05)","(3.0, 0.0)",stable,True
151,0,"(3.4821561973260824, 0.6168100959725016)","(2.9985499382019043, -0.0003487229405436665)","(3.0, 0.0)",stable,True,3.4821561973260824,0.6168100959725016,"(3.0011446475982666, -0.0004331231175456196)","(3.0, 0.0)",stable,True
152,0,"(2.0177311330633017, -0.3135698991911185)","(3.00073504447937, 0.0006786644225940108)","(3.0, 0.0)",stable,True,2.0177311330633017,-0.3135698991911185,"(3.0026118755340576, 0.0005487740272656083)","(3.0, 0.0)",stable,True
153,0,"(2.309179262414231, -0.09978280895060052)","(2.9996848106384277, 5.607306775345933e-06)","(3.0, 0.0)",stable,True,2.309179262414231,-0.09978280895060052,"(2.999743700027466, 0.0007088556885719299)","(3.0, 0.0)",stable,True
154,0,"(3.2620613040722124, -1.0794135113783574)","(3.000239372253418, 0.005382180213928223)","(3.0, 0.0)",stable,True,3.2620613040722124,-1.0794135113783574,"(3.0027992725372314, 0.0005650997045449913)","(3.0, 0.0)",stable,True
155,0,"(3.0616280248022067, -0.672507290848895)","(3.000046491622925, -0.0009845256572589278)","(3.0, 0.0)",stable,True,3.0616280248022067,-0.672507290848895,"(2.998809337615967, -0.0014128327602520585)","(3.0, 0.0)",stable,True
156,0,"(2.3381320480928833, -0.02302103326296487)","(2.999800443649292, 0.00020862110250163823)","(3.0, 0.0)",stable,True,2.3381320480928833,-0.02302103326296487,"(2.999849319458008, -0.0001847881794674322)","(3.0, 0.0)",stable,True
157,0,"(3.3099795068434723, -0.2865519747340425)","(3.0000462532043457, 0.00026959777460433543)","(3.0, 0.0)",stable,True,3.3099795068434723,-0.2865519747340425,"(3.000293254852295, -9.276271157432348e-05)","(3.0, 0.0)",stable,True
158,0,"(3.5130520963628795, 0.6353371613671192)","(2.9976935386657715, 0.003555381204932928)","(3.0, 0.0)",stable,True,3.5130520963628795,0.6353371613671192,"(3.0016655921936035, 0.0020926594734191895)","(3.0, 0.0)",stable,True
159,0,"(2.65863552841883, -0.35016003511063637)","(2.999816417694092, 0.0002566516341175884)","(3.0, 0.0)",stable,True,2.65863552841883,-0.35016003511063637,"(2.998145580291748, -0.0006584346410818398)","(3.0, 0.0)",stable,True
160,0,"(3.724967927528091, 0.502852069312285)","(2.9958958625793457, -0.0011641144519671798)","(3.0, 0.0)",stable,True,3.724967927528091,0.502852069312285,"(3.000824451446533, 0.0013661265838891268)","(3.0, 0.0)",stable,True
161,0,"(3.7644984717891035, -0.06209244125374932)","(3.000080108642578, -0.0003606662212405354)","(3.0, 0.0)",stable,True,3.7644984717891035,-0.06209244125374932,"(2.999358892440796, 7.719546556472778e-05)","(3.0, 0.0)",stable,True
162,0,"(3.5709262605744563, 0.07066773401170909)","(2.998502492904663, -0.0005206793430261314)","(3.0, 0.0)",stable,True,3.5709262605744563,0.07066773401170909,"(3.000356912612915, 6.464422040153295e-05)","(3.0, 0.0)",stable,True
163,0,"(2.4764521302182443, 0.4650512417966959)","(2.9993629455566406, 0.00013403296179603785)","(3.0, 0.0)",stable,True,2.4764521302182443,0.4650512417966959,"(2.999865770339966, 9.992718696594238e-05)","(3.0, 0.0)",stable,True
164,0,"(2.127289163502099, 0.09629559837081789)","(3.0007169246673584, -8.794665336608887e-05)","(3.0, 0.0)",stable,True,2.127289163502099,0.09629559837081789,"(2.999544382095337, -0.000606149435043335)","(3.0, 0.0)",stable,True
165,0,"(2.9141917513601827, 0.09674116103524401)","(3.0000507831573486, -6.163269426906481e-05)","(3.0, 0.0)",stable,True,2.9141917513601827,0.09674116103524401,"(3.000028371810913, -2.9680133593501523e-05)","(3.0, 0.0)",stable,True
166,0,"(3.2285955649826805, 0.26729605036011905)","(2.99922513961792, 0.00034459232119843364)","(3.0, 0.0)",stable,True,3.2285955649826805,0.26729605036011905,"(3.00069260597229, -0.00030052661895751953)","(3.0, 0.0)",stable,True
167,0,"(3.7884888562668313, -0.19502498846686184)","(2.998112916946411, -9.906590275932103e-05)","(3.0, 0.0)",stable,True,3.7884888562668313,-0.19502498846686184,"(3.000110626220703, -0.00014123917208053172)","(3.0, 0.0)",stable,True
168,0,"(3.2116253234472607, 0.9668790023448793)","(2.4073734283447266, 0.2212332785129547)",,,False,3.2116253234472607,0.9668790023448793,"(2.9958598613739014, -0.004446363542228937)","(3.0, 0.0)",stable,True
169,0,"(3.5715258946059283, -0.1417146456578657)","(3.000030517578125, -0.00024751125602051616)","(3.0, 0.0)",stable,True,3.5715258946059283,-0.1417146456578657,"(3.0001072883605957, -0.0001324176846537739)","(3.0, 0.0)",stable,True
170,0,"(2.548452068387526, -0.2800437003889839)","(2.9995839595794678, -0.00058446527691558)","(3.0, 0.0)",stable,True,2.548452068387526,-0.2800437003889839,"(2.9971888065338135, 0.0016755163669586182)","(3.0, 0.0)",stable,True
171,0,"(3.150381358526837, -0.7728603203474899)","(2.9999136924743652, 0.0007089257123880088)","(3.0, 0.0)",stable,True,3.150381358526837,-0.7728603203474899,"(3.0003223419189453, -0.0015912055969238281)","(3.0, 0.0)",stable,True
172,0,"(2.6145254505088262, 0.5678047746696073)","(2.9990525245666504, -4.4083593820687383e-05)","(3.0, 0.0)",stable,True,2.6145254505088262,0.5678047746696073,"(2.9993505477905273, -0.0017436265479773283)","(3.0, 0.0)",stable,True
173,0,"(3.5122575451032096, 0.3255362960365781)","(2.999650716781616, 0.0012556851143017411)","(3.0, 0.0)",stable,True,3.5122575451032096,0.3255362960365781,"(2.998284339904785, 0.00037404298200272024)","(3.0, 0.0)",stable,True
174,0,"(3.5911695542881406, 0.20326659359408783)","(3.0001819133758545, -0.00011416375491535291)","(3.0, 0.0)",stable,True,3.5911695542881406,0.20326659359408783,"(2.9962453842163086, -0.0014922678237780929)","(3.0, 0.0)",stable,True
175,0,"(3.4493763464247422, 0.6612870116312116)","(2.999112367630005, -0.00027576685533858836)","(3.0, 0.0)",stable,True,3.4493763464247422,0.6612870116312116,"(2.998647689819336, -0.0017120956908911467)","(3.0, 0.0)",stable,True
176,0,"(3.7917788966450368, -0.7028787132614522)","(3.0003390312194824, -0.0012413382064551115)","(3.0, 0.0)",stable,True,3.7917788966450368,-0.7028787132614522,"(3.0002689361572266, -2.855062484741211e-05)","(3.0, 0.0)",stable,True
177,0,"(2.8166647874134036, -0.03888187983677192)","(3.0000476837158203, 7.940530485939234e-05)","(3.0, 0.0)",stable,True,2.8166647874134036,-0.03888187983677192,"(2.9992153644561768, -0.0003677964268717915)","(3.0, 0.0)",stable,True
178,0,"(3.8049284320003554, 1.0564762435030421)","(3.002953052520752, -0.001320529030635953)","(3.0, 0.0)",stable,True,3.8049284320003554,1.0564762435030421,"(3.0043962001800537, -0.0011841536033898592)","(3.0, 0.0)",stable,True
179,0,"(3.1189227068351135, -0.02524841524062662)","(3.0002074241638184, -8.543506555724889e-05)","(3.0, 0.0)",stable,True,3.1189227068351135,-0.02524841524062662,"(3.000195026397705, -6.602853682124987e-05)","(3.0, 0.0)",stable,True
180,0,"(2.9168192585776365, -0.005170204988981523)","(3.000075101852417, -4.047341462865006e-06)","(3.0, 0.0)",stable,True,2.9168192585776365,-0.005170204988981523,"(2.999859571456909, 8.5894760559313e-05)","(3.0, 0.0)",stable,True
181,0,"(3.0693285273831594, 0.8647628712945086)","(2.9999682903289795, -0.00034139156923629344)","(3.0, 0.0)",stable,True,3.0693285273831594,0.8647628712945086,"(2.999643325805664, 0.0014697551960125566)","(3.0, 0.0)",stable,True
182,0,"(2.8788995013887644, -0.5863738817128114)","(2.9999866485595703, -0.0005267023807391524)","(3.0, 0.0)",stable,True,2.8788995013887644,-0.5863738817128114,"(3.0008797645568848, -0.0002683401107788086)","(3.0, 0.0)",stable,True
183,0,"(3.265412793285737, 0.32496671327353277)","(2.998600482940674, 0.00024936796398833394)","(3.0, 0.0)",stable,True,3.265412793285737,0.32496671327353277,"(3.0002050399780273, 0.00020090342150069773)","(3.0, 0.0)",stable,True
184,0,"(2.4534957128134343, -0.31702928489111293)","(2.9980602264404297, 0.002599769737571478)","(3.0, 0.0)",stable,True,2.4534957128134343,-0.31702928489111293,"(2.9996914863586426, -0.0004895984893664718)","(3.0, 0.0)",stable,True
185,0,"(2.5695398893747785, -0.6798847939608834)","(2.9988439083099365, -0.0013860345352441072)","(3.0, 0.0)",stable,True,2.5695398893747785,-0.6798847939608834,"(2.9997715950012207, -0.0012154817814007401)","(3.0, 0.0)",stable,True
186,0,"(4.014097695079307, -0.3547391655689882)","(3.0018229484558105, -0.0006811022758483887)","(3.0, 0.0)",stable,True,4.014097695079307,-0.3547391655689882,"(3.0011582374572754, -0.0007613658672198653)","(3.0, 0.0)",stable,True
187,0,"(3.5091811127258827, -0.6876815217761303)","(3.0005996227264404, 0.0010022521018981934)","(3.0, 0.0)",stable,True,3.5091811127258827,-0.6876815217761303,"(2.9994566440582275, -9.119510650634766e-05)","(3.0, 0.0)",stable,True
188,0,"(3.8332753235959705, 0.23647884639272015)","(3.001296043395996, -0.00010585486597847193)","(3.0, 0.0)",stable,True,3.8332753235959705,0.23647884639272015,"(3.0010199546813965, -0.0007080704090185463)","(3.0, 0.0)",stable,True
189,0,"(3.3386166511129276, 0.7854067691915457)","(2.9993762969970703, -0.0010200024116784334)","(3.0, 0.0)",stable,True,3.3386166511129276,0.7854067691915457,"(2.9995486736297607, 0.0003504753112792969)","(3.0, 0.0)",stable,True
190,0,"(2.210850083473806, -0.0224255249172919)","(3.0037951469421387, 0.0010733541566878557)","(3.0, 0.0)",stable,True,2.210850083473806,-0.0224255249172919,"(2.9994492530822754, 0.00023022219829726964)","(3.0, 0.0)",stable,True
191,0,"(3.4225292140777697, 0.06741731541677227)","(2.9982645511627197, -0.00017827302508521825)","(3.0, 0.0)",stable,True,3.4225292140777697,0.06741731541677227,"(2.9995574951171875, -0.0006597086903639138)","(3.0, 0.0)",stable,True
192,0,"(3.3605694189060693, 0.04860094460680658)","(2.999730348587036, -2.0003319150418974e-05)","(3.0, 0.0)",stable,True,3.3605694189060693,0.04860094460680658,"(2.999868154525757, -9.179041080642492e-05)","(3.0, 0.0)",stable,True
193,0,"(2.59706729623333, -0.369682421554376)","(3.0002782344818115, 0.00015547274961136281)","(3.0, 0.0)",stable,True,2.59706729623333,-0.369682421554376,"(2.999457359313965, -0.0010210871696472168)","(3.0, 0.0)",stable,True
194,0,"(2.361227522454825, 0.1480296779407424)","(2.9995474815368652, 0.00018083452596329153)","(3.0, 0.0)",stable,True,2.361227522454825,0.1480296779407424,"(2.9975693225860596, 0.0002642720937728882)","(3.0, 0.0)",stable,True
195,0,"(3.0545840700349847, 0.1764097997327753)","(2.9981377124786377, -0.0008443802362307906)","(3.0, 0.0)",stable,True,3.0545840700349847,0.1764097997327753,"(3.0009102821350098, -0.0003431558725424111)","(3.0, 0.0)",stable,True
196,0,"(3.595292245124017, 0.2757240700226013)","(3.0003814697265625, 0.0006752431509085)","(3.0, 0.0)",stable,True,3.595292245124017,0.2757240700226013,"(2.999811887741089, -0.00020538568787742406)","(3.0, 0.0)",stable,True
197,0,"(3.2257812880146153, 0.2897657344405251)","(2.9996116161346436, -0.00033376217470504344)","(3.0, 0.0)",stable,True,3.2257812880146153,0.2897657344405251,"(2.998931884765625, -0.000412929046433419)","(3.0, 0.0)",stable,True
198,0,"(2.978768925676417, 0.2830710029878814)","(2.9996285438537598, -0.0005323171499185264)","(3.0, 0.0)",stable,True,2.978768925676417,0.2830710029878814,"(2.999652624130249, 0.00012807846360374242)","(3.0, 0.0)",stable,True
199,0,"(2.9960653427788686, 0.20224329338786448)","(3.000272274017334, 0.0001408696116413921)","(3.0, 0.0)",stable,True,2.9960653427788686,0.20224329338786448,"(3.000133991241455, -5.272030830383301e-05)","(3.0, 0.0)",stable,True
