,"(x0, y0)",success_no_reg,success_reg_derivative_unstable_fp
0,"(0.20149139215031509, -0.4510417751373867)",False,False
0,"(0.27274234067621955, -0.38115657971497835)",False,False
0,"(1.0420328350578372, -0.1810699890268388)",True,True
0,"(-1.2256684802977924, 0.333971388469718)",False,False
0,"(-1.0080707988634132, 0.20906692933888338)",False,False
0,"(0.08723964450464869, 0.5667573916314201)",False,True
0,"(-0.25733714018327936, 0.5222842493119351)",False,True
0,"(-0.33560011917618116, -0.4380062798255215)",False,False
0,"(-1.060271722501206, 0.49118250632519034)",True,True
0,"(0.48789087100971384, -0.06853493161243643)",False,True
0,"(0.052914993433520456, -0.03493854286359459)",False,False
0,"(0.314395706550795, 0.09287149304112595)",False,True
0,"(-0.46242865047286746, 0.882221797943755)",True,True
0,"(0.6005352813196578, 0.4259036310943855)",True,True
0,"(0.7674802371997329, -0.8058175934303765)",True,True
0,"(-0.003620476525477622, 0.038330114852332425)",False,True
0,"(-0.22419945015162906, 0.09531951940584932)",False,False
0,"(0.48460934925678184, -0.12289075867407855)",False,True
0,"(-0.4722471399805542, 0.6418603388215612)",False,True
0,"(-0.2860483051343889, 0.20832241632500056)",False,False
0,"(0.5379679359317879, 0.9056027238647448)",True,True
0,"(-0.6125601259923226, 0.3756186914574361)",True,True
0,"(-0.20565789625147032, -0.3488474624959184)",False,False
0,"(1.0908739343413374, -0.5021237634091481)",True,True
0,"(-0.19191902409209205, 0.6382942985419664)",False,True
0,"(0.419861326303134, 0.1602687983105277)",False,True
0,"(-0.5578659412061733, 0.5528538447269807)",False,True
0,"(0.3777816908109755, 0.8137339827706506)",True,True
0,"(-0.4235594318562157, 0.6565652471702144)",True,True
0,"(-0.053140940361160446, -0.47324271649146415)",False,False
0,"(-0.31743645471812604, -0.016139430567577655)",False,False
0,"(0.21208191400254683, -0.32449540967111173)",False,False
0,"(0.13060974027470565, 0.09231150218314224)",False,False
0,"(0.08820597907409101, -0.4875582160221184)",False,False
0,"(-0.34131518096319446, 0.7544743140810786)",True,True
0,"(0.5076614981088141, 0.7424187319766499)",True,True
0,"(0.28148254045537197, 0.4835268316024893)",False,True
0,"(0.3388284440914512, 0.46136341174597695)",False,False
0,"(-0.07582716300244344, 0.39938532241642904)",False,True
0,"(-0.456858296802935, 0.1368655508740503)",False,False
0,"(-0.9610872405961214, 0.2464792394559489)",False,False
0,"(1.066656683254233, 0.023818466909023703)",True,True
0,"(0.5521261845321755, 1.067143596748115)",True,True
0,"(0.1049179304747398, -0.9051296263385611)",False,False
0,"(-0.16744636404802055, -0.06755240038223817)",False,False
0,"(0.2904335770729549, 0.088103052691537)",False,True
0,"(1.1204903547514584, -0.9419454048905618)",True,True
0,"(0.03711813699034336, 0.24754965133147402)",False,False
0,"(0.14212336779870036, 0.012571784329806539)",False,False
0,"(0.41394756288841966, -0.262525267185308)",False,True
0,"(0.8036721401299745, 1.0151648052165534)",True,True
0,"(0.49664495210013704, 1.4987352204027142)",True,True
0,"(0.37242593617809705, 1.5032305150263725)",True,True
0,"(0.9933369749968045, -0.01456175069604937)",True,True
0,"(1.4998397798669265, 0.9357442602584268)",True,True
0,"(1.4715548170018369, 1.3534729475989355)",False,True
0,"(1.5011972749264646, 2.350176130917381)",True,True
0,"(0.8956495669983893, 1.2318907062380042)",True,True
0,"(0.5933795153591324, -0.034079257974678256)",False,True
0,"(0.41190971397637044, 0.07635369489253041)",False,True
0,"(1.207333212974675, 1.6961167951394687)",False,True
0,"(0.9140019752532592, 0.6713201103601554)",True,True
0,"(0.9455034418863095, 1.3306766845693727)",True,True
0,"(1.5010107378297457, 1.2255823680721232)",False,False
0,"(0.7775047982267109, 2.031817390537489)",True,True
0,"(0.5536684351418224, 1.4859690541361523)",True,True
0,"(2.3153874695256187, 1.1731728422691607)",True,True
0,"(0.8380520950514664, 0.7263351826192082)",True,True
0,"(1.58100213089644, 1.1379708526081298)",True,True
0,"(2.132953764884401, 1.4511939821581514)",False,False
0,"(1.8288548549120356, 0.763735026265153)",True,True
0,"(1.000036547961279, 0.7986042857711282)",True,True
0,"(0.31370811274558996, 1.6964813275771853)",True,True
0,"(0.7553029900421058, 1.020368091586061)",True,True
0,"(0.8764316741772246, 0.9409292411701384)",False,True
0,"(1.1624685543771867, 0.5485233205601527)",True,True
0,"(0.6767311376440557, 0.835898238377974)",True,True
0,"(1.9539584143412376, 0.4136643306792225)",True,True
0,"(0.880691620584694, 0.5537146557975332)",True,True
0,"(1.0480204149734407, 0.30595325398906736)",True,True
0,"(1.169814137876792, 0.9884796092136664)",True,True
0,"(1.5798295664737592, 0.22757036934809138)",True,True
0,"(1.7815214542707036, 1.096642334196541)",True,True
0,"(1.0510871438424425, 0.866448569425047)",True,True
0,"(1.0150499490121772, 0.5735831086264948)",True,True
0,"(1.8289471981860583, 1.1457317617516747)",True,True
0,"(0.7895048711971673, 0.6159094578759785)",True,True
0,"(0.6070990013940605, 0.7694839953245353)",True,True
0,"(0.574056834347993, 0.8798691113851095)",True,True
0,"(1.483841846277741, 0.5938439672168871)",True,True
0,"(1.0585354505109976, 1.5815434680551657)",True,True
0,"(1.9310582507287033, 1.5691093760267363)",False,False
0,"(0.7715264324409119, 0.3017448013798052)",True,True
0,"(1.0066665186519963, 0.8607433112327465)",True,True
0,"(0.8512239939719699, 0.29614489796262855)",True,True
0,"(1.0058102332304213, -0.24136187941056386)",True,True
0,"(1.0597250142516785, 0.6515706052056527)",True,True
0,"(0.45894290863590526, 1.240467668204916)",True,True
0,"(1.3467652684889455, 0.3191945812338536)",True,True
0,"(0.9540217765146359, 0.7335200019234343)",True,True
