,T,theta0,network_architectures,activations,learning_rates,collocations,epochs,regularization,reg_epochs,reg_coeff,reg_decay,mean_loss,loss_successes_percent
0,7.5,5,"(4, 50)",tanh,0.001,1024,50000,no_reg,1,1,,13.186495,0.0
0,7.5,5,"(4, 50)",tanh,0.001,1024,50000,unstable_fp,1,1,,13.186391,0.0
0,7.5,5,"(4, 50)",tanh,0.001,1024,50000,unstable_fp,1,100,,13.194211,0.0
0,7.5,5,"(4, 50)",tanh,0.001,1024,50000,unstable_fp,1,10000,,16.226421,0.0
0,7.5,5,"(4, 50)",tanh,0.001,1024,50000,reg_derivative,1,1,,13.186564,0.0
0,7.5,5,"(4, 50)",tanh,0.001,1024,50000,reg_derivative,1,100,,13.194104,0.0
0,7.5,5,"(4, 50)",tanh,0.001,1024,50000,reg_derivative,1,10000,,22.472172,0.0
0,7.5,5,"(4, 50)",tanh,0.001,1024,50000,reg_derivative_unstable_fp,1,1,,13.186806,0.0
0,7.5,5,"(4, 50)",tanh,0.001,1024,50000,reg_derivative_unstable_fp,1,100,,13.003398,0.0
0,7.5,5,"(4, 50)",tanh,0.001,1024,50000,reg_derivative_unstable_fp,1,10000,,17.62546,0.0
0,7.5,25,"(4, 50)",tanh,0.001,1024,50000,no_reg,1,1,,14.077143,0.0
0,7.5,25,"(4, 50)",tanh,0.001,1024,50000,unstable_fp,1,1,,17.747286,0.0
0,7.5,25,"(4, 50)",tanh,0.001,1024,50000,unstable_fp,1,100,,13.733302,0.0
0,7.5,25,"(4, 50)",tanh,0.001,1024,50000,unstable_fp,1,10000,,28.575909,0.0
0,7.5,25,"(4, 50)",tanh,0.001,1024,50000,reg_derivative,1,1,,14.076915,0.0
0,7.5,25,"(4, 50)",tanh,0.001,1024,50000,reg_derivative,1,100,,14.831386,0.0
0,7.5,25,"(4, 50)",tanh,0.001,1024,50000,reg_derivative,1,10000,,41.21781,0.0
0,7.5,25,"(4, 50)",tanh,0.001,1024,50000,reg_derivative_unstable_fp,1,1,,14.078296,0.0
0,7.5,25,"(4, 50)",tanh,0.001,1024,50000,reg_derivative_unstable_fp,1,100,,13.183424,0.0
0,7.5,25,"(4, 50)",tanh,0.001,1024,50000,reg_derivative_unstable_fp,1,10000,,44.566826,0.0
0,7.5,100,"(4, 50)",tanh,0.001,1024,50000,no_reg,1,1,,10.31619,0.0
0,7.5,100,"(4, 50)",tanh,0.001,1024,50000,unstable_fp,1,1,,10.31452,0.0
0,7.5,100,"(4, 50)",tanh,0.001,1024,50000,unstable_fp,1,100,,25.091988,0.2
0,7.5,100,"(4, 50)",tanh,0.001,1024,50000,unstable_fp,1,10000,,12.561576,0.0
0,7.5,100,"(4, 50)",tanh,0.001,1024,50000,reg_derivative,1,1,,10.313664,0.0
0,7.5,100,"(4, 50)",tanh,0.001,1024,50000,reg_derivative,1,100,,20.94926,0.3
0,7.5,100,"(4, 50)",tanh,0.001,1024,50000,reg_derivative,1,10000,,28.46404,0.1
0,7.5,100,"(4, 50)",tanh,0.001,1024,50000,reg_derivative_unstable_fp,1,1,,10.317155,0.0
0,7.5,100,"(4, 50)",tanh,0.001,1024,50000,reg_derivative_unstable_fp,1,100,,16.79625,0.4
0,7.5,100,"(4, 50)",tanh,0.001,1024,50000,reg_derivative_unstable_fp,1,10000,,16.325832,0.1
0,10.0,5,"(4, 50)",tanh,0.001,1024,50000,no_reg,1,1,,18.166838,0.0
0,10.0,5,"(4, 50)",tanh,0.001,1024,50000,unstable_fp,1,1,,18.166615,0.0
0,10.0,5,"(4, 50)",tanh,0.001,1024,50000,unstable_fp,1,100,,18.110388,0.0
0,10.0,5,"(4, 50)",tanh,0.001,1024,50000,unstable_fp,1,10000,,21.429098,0.0
0,10.0,5,"(4, 50)",tanh,0.001,1024,50000,reg_derivative,1,1,,18.165386,0.0
0,10.0,5,"(4, 50)",tanh,0.001,1024,50000,reg_derivative,1,100,,18.05361,0.0
0,10.0,5,"(4, 50)",tanh,0.001,1024,50000,reg_derivative,1,10000,,20.887505,0.0
0,10.0,5,"(4, 50)",tanh,0.001,1024,50000,reg_derivative_unstable_fp,1,1,,18.165821,0.0
0,10.0,5,"(4, 50)",tanh,0.001,1024,50000,reg_derivative_unstable_fp,1,100,,18.2931,0.0
0,10.0,5,"(4, 50)",tanh,0.001,1024,50000,reg_derivative_unstable_fp,1,10000,,19.643711,0.0
0,10.0,25,"(4, 50)",tanh,0.001,1024,50000,no_reg,1,1,,15.076117,0.0
0,10.0,25,"(4, 50)",tanh,0.001,1024,50000,unstable_fp,1,1,,15.075668,0.0
0,10.0,25,"(4, 50)",tanh,0.001,1024,50000,unstable_fp,1,100,,14.70946,0.0
0,10.0,25,"(4, 50)",tanh,0.001,1024,50000,unstable_fp,1,10000,,32.90166,0.0
0,10.0,25,"(4, 50)",tanh,0.001,1024,50000,reg_derivative,1,1,,15.077985,0.0
0,10.0,25,"(4, 50)",tanh,0.001,1024,50000,reg_derivative,1,100,,14.131445,0.0
0,10.0,25,"(4, 50)",tanh,0.001,1024,50000,reg_derivative,1,10000,,54.30596,0.0
0,10.0,25,"(4, 50)",tanh,0.001,1024,50000,reg_derivative_unstable_fp,1,1,,15.07472,0.0
0,10.0,25,"(4, 50)",tanh,0.001,1024,50000,reg_derivative_unstable_fp,1,100,,14.70542,0.0
0,10.0,25,"(4, 50)",tanh,0.001,1024,50000,reg_derivative_unstable_fp,1,10000,,45.001244,0.0
0,10.0,100,"(4, 50)",tanh,0.001,1024,50000,no_reg,1,1,,10.518324,0.0
0,10.0,100,"(4, 50)",tanh,0.001,1024,50000,unstable_fp,1,1,,10.521691,0.0
0,10.0,100,"(4, 50)",tanh,0.001,1024,50000,unstable_fp,1,100,,21.179647,0.3
0,10.0,100,"(4, 50)",tanh,0.001,1024,50000,unstable_fp,1,10000,,20.612627,0.1
0,10.0,100,"(4, 50)",tanh,0.001,1024,50000,reg_derivative,1,1,,10.518577,0.0
0,10.0,100,"(4, 50)",tanh,0.001,1024,50000,reg_derivative,1,100,,29.372232,0.1
0,10.0,100,"(4, 50)",tanh,0.001,1024,50000,reg_derivative,1,10000,,24.489311,0.1
0,10.0,100,"(4, 50)",tanh,0.001,1024,50000,reg_derivative_unstable_fp,1,1,,10.521242,0.0
0,10.0,100,"(4, 50)",tanh,0.001,1024,50000,reg_derivative_unstable_fp,1,100,,13.098928,0.2
0,10.0,100,"(4, 50)",tanh,0.001,1024,50000,reg_derivative_unstable_fp,1,10000,,20.800632,0.2
0,15.0,5,"(4, 50)",tanh,0.001,1024,50000,no_reg,1,1,,16.82771,0.0
0,15.0,5,"(4, 50)",tanh,0.001,1024,50000,unstable_fp,1,1,,16.831244,0.0
0,15.0,5,"(4, 50)",tanh,0.001,1024,50000,unstable_fp,1,100,,17.066301,0.0
0,15.0,5,"(4, 50)",tanh,0.001,1024,50000,unstable_fp,1,10000,,17.43077,0.0
0,15.0,5,"(4, 50)",tanh,0.001,1024,50000,reg_derivative,1,1,,16.83259,0.0
0,15.0,5,"(4, 50)",tanh,0.001,1024,50000,reg_derivative,1,100,,16.726648,0.0
0,15.0,5,"(4, 50)",tanh,0.001,1024,50000,reg_derivative,1,10000,,16.191765,0.0
0,15.0,5,"(4, 50)",tanh,0.001,1024,50000,reg_derivative_unstable_fp,1,1,,16.829004,0.0
0,15.0,5,"(4, 50)",tanh,0.001,1024,50000,reg_derivative_unstable_fp,1,100,,16.838995,0.0
0,15.0,5,"(4, 50)",tanh,0.001,1024,50000,reg_derivative_unstable_fp,1,10000,,16.699272,0.0
0,15.0,25,"(4, 50)",tanh,0.001,1024,50000,no_reg,1,1,,14.07487,0.0
0,15.0,25,"(4, 50)",tanh,0.001,1024,50000,unstable_fp,1,1,,14.079135,0.0
0,15.0,25,"(4, 50)",tanh,0.001,1024,50000,unstable_fp,1,100,,14.290926,0.0
0,15.0,25,"(4, 50)",tanh,0.001,1024,50000,unstable_fp,1,10000,,24.95426,0.0
0,15.0,25,"(4, 50)",tanh,0.001,1024,50000,reg_derivative,1,1,,14.076376,0.0
0,15.0,25,"(4, 50)",tanh,0.001,1024,50000,reg_derivative,1,100,,14.283849,0.0
0,15.0,25,"(4, 50)",tanh,0.001,1024,50000,reg_derivative,1,10000,,16.313915,0.0
0,15.0,25,"(4, 50)",tanh,0.001,1024,50000,reg_derivative_unstable_fp,1,1,,14.07752,0.0
0,15.0,25,"(4, 50)",tanh,0.001,1024,50000,reg_derivative_unstable_fp,1,100,,13.721517,0.0
0,15.0,25,"(4, 50)",tanh,0.001,1024,50000,reg_derivative_unstable_fp,1,10000,,31.830456,0.0
0,15.0,100,"(4, 50)",tanh,0.001,1024,50000,no_reg,1,1,,10.871336,0.0
0,15.0,100,"(4, 50)",tanh,0.001,1024,50000,unstable_fp,1,1,,10.873285,0.0
0,15.0,100,"(4, 50)",tanh,0.001,1024,50000,unstable_fp,1,100,,21.169569,0.0
0,15.0,100,"(4, 50)",tanh,0.001,1024,50000,unstable_fp,1,10000,,25.084301,0.0
0,15.0,100,"(4, 50)",tanh,0.001,1024,50000,reg_derivative,1,1,,10.868785,0.0
0,15.0,100,"(4, 50)",tanh,0.001,1024,50000,reg_derivative,1,100,,29.265524,0.0
0,15.0,100,"(4, 50)",tanh,0.001,1024,50000,reg_derivative,1,10000,,12.893211,0.0
0,15.0,100,"(4, 50)",tanh,0.001,1024,50000,reg_derivative_unstable_fp,1,1,,10.871448,0.0
0,15.0,100,"(4, 50)",tanh,0.001,1024,50000,reg_derivative_unstable_fp,1,100,,25.200005,0.0
0,15.0,100,"(4, 50)",tanh,0.001,1024,50000,reg_derivative_unstable_fp,1,10000,,24.869406,0.0
