,Unnamed: 0,"(theta0, omega0)",converged to,closest fp,stability,success,theta0,omega0,converged to with reg,closest fp with reg,stability with reg,success reg
0,0,"(276.34286574230896, -4.69116549223655)","(-0.009360130876302719, -0.01060969103127718)","(0.0, 0.0)",unstable,False,276.34286574230896,-4.69116549223655,"(0.008855176158249378, 0.008495619520545006)","(0.0, 0.0)",unstable,False
1,0,"(30.935732054960752, -4.113917177618362)","(0.0030774895567446947, -0.001383826369419694)","(0.0, 0.0)",unstable,False,30.935732054960752,-4.113917177618362,"(0.00037479549064300954, -0.00577545166015625)","(0.0, 0.0)",unstable,False
2,0,"(344.33672847253246, -19.417225876807642)","(-0.0010882325004786253, -0.0020018380600959063)","(0.0, 0.0)",unstable,False,344.33672847253246,-19.417225876807642,"(-0.0002238497108919546, -0.009695632383227348)","(0.0, 0.0)",unstable,False
3,0,"(85.1846261609308, -5.872249500531894)","(0.00014440304948948324, 0.0005357341142371297)","(0.0, 0.0)",unstable,False,85.1846261609308,-5.872249500531894,"(-0.008749977685511112, -0.009040716104209423)","(0.0, 0.0)",unstable,False
4,0,"(219.01864614234955, -0.12105203856572064)","(0.0021391957998275757, -0.0035243877209722996)","(0.0, 0.0)",unstable,False,219.01864614234955,-0.12105203856572064,"(0.0006122618797235191, -0.00380767066963017)","(0.0, 0.0)",unstable,False
5,0,"(281.42530910884784, 21.9202184812219)","(-0.008541537448763847, -0.010178642347455025)","(0.0, 0.0)",unstable,False,281.42530910884784,21.9202184812219,"(0.0006204702076502144, -0.0072782002389431)","(0.0, 0.0)",unstable,False
6,0,"(287.5645740404052, -11.293763959722396)","(-0.0009348168969154358, -0.0025146573316305876)","(0.0, 0.0)",unstable,False,287.5645740404052,-11.293763959722396,"(0.0026477575302124023, 0.0018719189101830125)","(0.0, 0.0)",unstable,False
7,0,"(66.13562929152654, -4.076026639405705)","(-0.00037976205931045115, 0.0009177109459415078)","(0.0, 0.0)",unstable,False,66.13562929152654,-4.076026639405705,"(0.0006981994956731796, 0.00017669747467152774)","(0.0, 0.0)",unstable,False
8,0,"(34.261969908877724, 4.706156129916338)","(-0.002917404053732753, -0.0017158451955765486)","(0.0, 0.0)",unstable,False,34.261969908877724,4.706156129916338,"(-0.0022382817696779966, -0.006536266300827265)","(0.0, 0.0)",unstable,False
9,0,"(103.42873532462711, -4.977964632833057)","(0.003400609362870455, 0.0002557945845182985)","(0.0, 0.0)",unstable,False,103.42873532462711,-4.977964632833057,"(0.0009089376544579864, 0.012137873098254204)","(0.0, 0.0)",unstable,False
10,0,"(41.28302896606429, -0.8075288562278671)","(2.933107316493988e-05, 0.0010914044687524438)","(0.0, 0.0)",unstable,False,41.28302896606429,-0.8075288562278671,"(-0.002052467782050371, -0.0033478804398328066)","(0.0, 0.0)",unstable,False
11,0,"(141.4333255625257, -3.3416376025749)","(-0.0021245493553578854, -0.00032939453376457095)","(0.0, 0.0)",unstable,False,141.4333255625257,-3.3416376025749,"(-0.002672310220077634, -0.01703720912337303)","(0.0, 0.0)",unstable,False
12,0,"(70.21426923903886, 13.59512147391525)","(0.0023983591236174107, -0.0002959920384455472)","(0.0, 0.0)",unstable,False,70.21426923903886,13.59512147391525,"(0.0009690557490102947, 0.003993806894868612)","(0.0, 0.0)",unstable,False
13,0,"(103.99372717909992, -0.15100011550146242)","(0.0005349427228793502, -0.0007698871195316315)","(0.0, 0.0)",unstable,False,103.99372717909992,-0.15100011550146242,"(0.003913422115147114, 0.005680067930370569)","(0.0, 0.0)",unstable,False
14,0,"(239.9908183529846, -2.5032669074915996)","(0.0032819875050336123, -0.0036271263379603624)","(0.0, 0.0)",unstable,False,239.9908183529846,-2.5032669074915996,"(-0.003320925636216998, -0.00953252799808979)","(0.0, 0.0)",unstable,False
15,0,"(145.80191089656344, 1.6586627394241125)","(-0.0011482760310173035, 0.0006587003590539098)","(0.0, 0.0)",unstable,False,145.80191089656344,1.6586627394241125,"(0.003245684551075101, 0.008104843087494373)","(0.0, 0.0)",unstable,False
16,0,"(86.54599161771372, 8.014854259837385)","(-0.0057136910036206245, 0.000359262281563133)","(0.0, 0.0)",unstable,False,86.54599161771372,8.014854259837385,"(-0.0017618999117985368, -0.006434986833482981)","(0.0, 0.0)",unstable,False
17,0,"(275.3320575211445, -4.553371253323654)","(-0.005273974034935236, -0.002450763713568449)","(0.0, 0.0)",unstable,False,275.3320575211445,-4.553371253323654,"(-0.0012029632925987244, -0.011986046098172665)","(0.0, 0.0)",unstable,False
18,0,"(139.8490605068091, -8.316591531225905)","(0.0031213804613798857, -0.0018257126212120056)","(0.0, 0.0)",unstable,False,139.8490605068091,-8.316591531225905,"(0.0016053520375862718, -0.0015256477054208517)","(0.0, 0.0)",unstable,False
19,0,"(51.47028102564026, 7.6724379956222455)","(-0.006087030284106731, -0.002492439467459917)","(0.0, 0.0)",unstable,False,51.47028102564026,7.6724379956222455,"(-4.087090565008111e-05, 0.007064328994601965)","(0.0, 0.0)",unstable,False
20,0,"(316.6166345999437, 12.543306228823042)","(0.007383265998214483, 0.011699633672833443)","(0.0, 0.0)",unstable,False,316.6166345999437,12.543306228823042,"(-0.0026259259320795536, -0.0031254966743290424)","(0.0, 0.0)",unstable,False
21,0,"(192.30703148952435, 5.195184545367196)","(0.0017308816313743591, 0.0005544598679989576)","(0.0, 0.0)",unstable,False,192.30703148952435,5.195184545367196,"(-0.00010028034739661962, -0.00019245853764005005)","(0.0, 0.0)",unstable,False
22,0,"(331.1368622504792, 10.949036992976211)","(-0.0013628486776724458, -0.0066467225551605225)","(0.0, 0.0)",unstable,False,331.1368622504792,10.949036992976211,"(-0.0034438632428646088, 0.0036087725311517715)","(0.0, 0.0)",unstable,False
23,0,"(189.92080549294886, 10.625677134122665)","(0.0033296807669103146, 0.006878212094306946)","(0.0, 0.0)",unstable,False,189.92080549294886,10.625677134122665,"(-0.0012594886356964707, -0.00038001147913746536)","(0.0, 0.0)",unstable,False
24,0,"(311.6009426592295, -3.0531930931158673)","(-0.0051488676108419895, -0.008609496057033539)","(0.0, 0.0)",unstable,False,311.6009426592295,-3.0531930931158673,"(0.0056557790376245975, 0.01619884744286537)","(0.0, 0.0)",unstable,False
25,0,"(336.6299536723993, 8.342821351024526)","(-0.007090224418789148, -0.008512372151017189)","(0.0, 0.0)",unstable,False,336.6299536723993,8.342821351024526,"(4.1534007323207334e-05, 0.0009966936195269227)","(0.0, 0.0)",unstable,False
26,0,"(352.947715784623, 12.953257900989135)","(-0.005112447310239077, -0.012648683972656727)","(0.0, 0.0)",unstable,False,352.947715784623,12.953257900989135,"(-0.0013533387100324035, -0.005720805376768112)","(0.0, 0.0)",unstable,False
27,0,"(142.43028967887207, 3.630275811503625)","(0.002920421538874507, -0.0005993087543174624)","(0.0, 0.0)",unstable,False,142.43028967887207,3.630275811503625,"(0.007115989923477173, 0.01741900108754635)","(0.0, 0.0)",unstable,False
28,0,"(131.9857299552978, -1.9277539765581482)","(-0.004956352524459362, 0.0005966912140138447)","(0.0, 0.0)",unstable,False,131.9857299552978,-1.9277539765581482,"(0.002331729279831052, 0.00193594372831285)","(0.0, 0.0)",unstable,False
29,0,"(84.93977754824581, 1.280568649670556)","(-0.003352848347276449, -0.0005453419289551675)","(0.0, 0.0)",unstable,False,84.93977754824581,1.280568649670556,"(0.005123521201312542, 0.013555983081459999)","(0.0, 0.0)",unstable,False
30,0,"(249.07269372350595, -20.870326318829257)","(-0.007626162376254797, -0.00465607363730669)","(0.0, 0.0)",unstable,False,249.07269372350595,-20.870326318829257,"(0.004460881929844618, 0.011860603466629982)","(0.0, 0.0)",unstable,False
31,0,"(102.91815088304163, -3.4614675658626237)","(-0.0018061765003949404, 0.0008322888752445579)","(0.0, 0.0)",unstable,False,102.91815088304163,-3.4614675658626237,"(0.0025197609793394804, 0.007857187651097775)","(0.0, 0.0)",unstable,False
32,0,"(90.68899044738326, 25.680404028154573)","(0.0022547119297087193, 4.874937440035865e-05)","(0.0, 0.0)",unstable,False,90.68899044738326,25.680404028154573,"(-0.0007841974729672074, -0.004282016772776842)","(0.0, 0.0)",unstable,False
33,0,"(128.1081149751161, 12.7943153474636)","(0.0008700519683770835, -0.0013125187251716852)","(0.0, 0.0)",unstable,False,128.1081149751161,12.7943153474636,"(0.00165568885859102, 0.0028034423012286425)","(0.0, 0.0)",unstable,False
34,0,"(302.99709963662787, -10.26295531503099)","(0.0044490983709692955, 0.004060142673552036)","(0.0, 0.0)",unstable,False,302.99709963662787,-10.26295531503099,"(0.004969985689967871, 0.013096262700855732)","(0.0, 0.0)",unstable,False
35,0,"(207.03736331250488, -0.6394069364307811)","(-0.00246651703491807, 0.00028744147857651114)","(0.0, 0.0)",unstable,False,207.03736331250488,-0.6394069364307811,"(-0.0004010438860859722, -0.0013191992184147239)","(0.0, 0.0)",unstable,False
36,0,"(178.55727266479644, 11.920713052691001)","(0.00012423991574905813, 0.0007575870840810239)","(0.0, 0.0)",unstable,False,178.55727266479644,11.920713052691001,"(-0.0011580154532566667, -0.005697904620319605)","(0.0, 0.0)",unstable,False
37,0,"(242.2701288872889, -6.155613541156373)","(0.0030932961963117123, -0.004676150158047676)","(0.0, 0.0)",unstable,False,242.2701288872889,-6.155613541156373,"(0.0019135043257847428, 0.002796864602714777)","(0.0, 0.0)",unstable,False
38,0,"(250.64489704262954, -20.258199122768232)","(-0.003756798105314374, -0.005232991185039282)","(0.0, 0.0)",unstable,False,250.64489704262954,-20.258199122768232,"(0.0069386325776577, 0.006192819681018591)","(0.0, 0.0)",unstable,False
39,0,"(182.13930217420793, 4.914159004078981)","(0.003015700029209256, 1.4294235370471142e-05)","(0.0, 0.0)",unstable,False,182.13930217420793,4.914159004078981,"(0.0039525278843939304, 0.008614388294517994)","(0.0, 0.0)",unstable,False
40,0,"(173.2851664928279, -4.521559573537555)","(-0.0036184177733957767, -1.0028616998170037e-05)","(0.0, 0.0)",unstable,False,173.2851664928279,-4.521559573537555,"(0.002565976930782199, 0.00925281923264265)","(0.0, 0.0)",unstable,False
41,0,"(312.9032960330878, -13.928242005883353)","(0.0034930750261992216, 0.0020859648939222097)","(0.0, 0.0)",unstable,False,312.9032960330878,-13.928242005883353,"(-0.0016218327218666673, -0.006000451277941465)","(0.0, 0.0)",unstable,False
42,0,"(358.05810528485034, 7.8215860208593435)","(-0.0027391016483306885, -0.008156286552548409)","(0.0, 0.0)",unstable,False,358.05810528485034,7.8215860208593435,"(0.000689290463924408, 0.0063146078027784824)","(0.0, 0.0)",unstable,False
43,0,"(232.6311234050743, -8.46546302919364)","(0.0032411343418061733, -0.005706276278942823)","(0.0, 0.0)",unstable,False,232.6311234050743,-8.46546302919364,"(-0.0027551627717912197, -0.010516325011849403)","(0.0, 0.0)",unstable,False
44,0,"(220.31219876418425, 2.257289796366447)","(0.003393565071746707, -0.0018336707726120949)","(0.0, 0.0)",unstable,False,220.31219876418425,2.257289796366447,"(0.0007709473138675094, 0.0008451817557215691)","(0.0, 0.0)",unstable,False
45,0,"(48.14164347867658, 10.37807694664631)","(-0.00353839504532516, -0.0006245947442948818)","(0.0, 0.0)",unstable,False,48.14164347867658,10.37807694664631,"(-0.005576711148023605, -0.003813873277977109)","(0.0, 0.0)",unstable,False
46,0,"(75.04576124987153, 11.301867747477843)","(0.0008233450353145599, 0.0003684830735437572)","(0.0, 0.0)",unstable,False,75.04576124987153,11.301867747477843,"(0.0005010493332520127, -0.009354569017887115)","(0.0, 0.0)",unstable,False
47,0,"(102.55767409877049, -1.1975368215276916)","(0.00041970162419602275, -0.0015398046234622598)","(0.0, 0.0)",unstable,False,102.55767409877049,-1.1975368215276916,"(-0.00016965120448730886, -0.004002905450761318)","(0.0, 0.0)",unstable,False
48,0,"(301.44776307527087, 13.989702575104204)","(-0.004225325770676136, -0.007640947587788105)","(0.0, 0.0)",unstable,False,301.44776307527087,13.989702575104204,"(-0.0031529024709016085, -0.005078018642961979)","(0.0, 0.0)",unstable,False
49,0,"(186.81534906998328, 7.552085677198244)","(9.658261842560023e-05, 0.0002678559103514999)","(0.0, 0.0)",unstable,False,186.81534906998328,7.552085677198244,"(-0.0038777634035795927, -0.008451281115412712)","(0.0, 0.0)",unstable,False
50,0,"(285.60252292472364, -2.1830006490358738)","(-0.0024283204693347216, -0.005006252322345972)","(0.0, 0.0)",unstable,False,285.60252292472364,-2.1830006490358738,"(0.0017557889223098755, 0.007340108510106802)","(0.0, 0.0)",unstable,False
51,0,"(2.923950449429924, 3.376112144195427)","(0.0019832022953778505, 0.006251409649848938)","(0.0, 0.0)",unstable,False,2.923950449429924,3.376112144195427,"(0.000746856618206948, -0.008231963962316513)","(0.0, 0.0)",unstable,False
52,0,"(318.37912145311043, -9.109077902303452)","(6.218328780960292e-05, 0.004106673877686262)","(0.0, 0.0)",unstable,False,318.37912145311043,-9.109077902303452,"(-0.0019769594073295593, -0.007922334596514702)","(0.0, 0.0)",unstable,False
53,0,"(242.87744987413444, -2.4350266497001525)","(0.003558896481990814, -0.002590783406049013)","(0.0, 0.0)",unstable,False,242.87744987413444,-2.4350266497001525,"(-0.003134408500045538, -0.00859692320227623)","(0.0, 0.0)",unstable,False
54,0,"(282.30760176429544, -29.009826233383365)","(-0.0021144680213183165, -0.003292637411504984)","(0.0, 0.0)",unstable,False,282.30760176429544,-29.009826233383365,"(-0.0012988209491595626, -0.010060370899736881)","(0.0, 0.0)",unstable,False
55,0,"(295.95446932963745, 15.646086764423508)","(0.0027598650194704533, 0.00564747117459774)","(0.0, 0.0)",unstable,False,295.95446932963745,15.646086764423508,"(-0.003918091766536236, -0.0075239441357553005)","(0.0, 0.0)",unstable,False
56,0,"(297.7700937471686, -1.290416587041078)","(-0.00047326908679679036, -0.005903474986553192)","(0.0, 0.0)",unstable,False,297.7700937471686,-1.290416587041078,"(-0.0004400394973345101, 0.007323063910007477)","(0.0, 0.0)",unstable,False
57,0,"(165.71750985801572, 2.675944336339016)","(-0.0023474334739148617, 0.0011745046358555555)","(0.0, 0.0)",unstable,False,165.71750985801572,2.675944336339016,"(-0.0027183727361261845, -0.012331227771937847)","(0.0, 0.0)",unstable,False
58,0,"(179.66059519847363, -2.1348767548730825)","(-0.0034483522176742554, -0.001188237452879548)","(0.0, 0.0)",unstable,False,179.66059519847363,-2.1348767548730825,"(0.002548889722675085, 0.005457809194922447)","(0.0, 0.0)",unstable,False
59,0,"(123.61201706681997, -0.687311915666224)","(0.005668590776622295, 0.0005053639179095626)","(0.0, 0.0)",unstable,False,123.61201706681997,-0.687311915666224,"(-0.00033853724016807973, -0.004267985466867685)","(0.0, 0.0)",unstable,False
60,0,"(92.96698206389709, -8.87920629712484)","(0.003797244979068637, 0.0006932460819371045)","(0.0, 0.0)",unstable,False,92.96698206389709,-8.87920629712484,"(0.0063649313524365425, 0.0019224543357267976)","(0.0, 0.0)",unstable,False
61,0,"(282.0564158147505, 2.450224117714149)","(-0.006716983858495951, -0.008933886885643005)","(0.0, 0.0)",unstable,False,282.0564158147505,2.450224117714149,"(-3.493204712867737e-05, 0.0018922386225312948)","(0.0, 0.0)",unstable,False
62,0,"(243.33944060600484, -22.556330660643944)","(0.005363977514207363, -0.004749245475977659)","(0.0, 0.0)",unstable,False,243.33944060600484,-22.556330660643944,"(-0.0029910749290138483, -0.00411981251090765)","(0.0, 0.0)",unstable,False
63,0,"(177.10303892944225, -15.814849716433407)","(-0.0036898136604577303, -0.00169414805714041)","(0.0, 0.0)",unstable,False,177.10303892944225,-15.814849716433407,"(-0.0041611893102526665, -0.010574852116405964)","(0.0, 0.0)",unstable,False
64,0,"(249.26578115420105, -8.244978910767813)","(-0.006075836718082428, -0.0101249348372221)","(0.0, 0.0)",unstable,False,249.26578115420105,-8.244978910767813,"(-0.0008918322855606675, 0.006519928574562073)","(0.0, 0.0)",unstable,False
65,0,"(18.779549544491555, -11.777264166222237)","(0.002699477132409811, 0.0021288911812007427)","(0.0, 0.0)",unstable,False,18.779549544491555,-11.777264166222237,"(-0.003653545631095767, -0.00862438790500164)","(0.0, 0.0)",unstable,False
66,0,"(105.90009627384454, -9.188079516086853)","(0.0009767055744305253, 0.00023932475596666336)","(0.0, 0.0)",unstable,False,105.90009627384454,-9.188079516086853,"(-0.0008295081788673997, -0.006514640059322119)","(0.0, 0.0)",unstable,False
67,0,"(125.97300630393958, -8.665123485808218)","(0.00330130523070693, 0.0008287882665172219)","(0.0, 0.0)",unstable,False,125.97300630393958,-8.665123485808218,"(-0.0031804987229406834, -0.010463803075253963)","(0.0, 0.0)",unstable,False
68,0,"(325.92475008783157, 14.52367437726264)","(0.0007376029971055686, 0.006832718849182129)","(0.0, 0.0)",unstable,False,325.92475008783157,14.52367437726264,"(0.001452007913030684, -0.006035481579601765)","(0.0, 0.0)",unstable,False
69,0,"(343.91615058064656, -3.4900993584982283)","(-0.0021209761034697294, -0.009586420841515064)","(0.0, 0.0)",unstable,False,343.91615058064656,-3.4900993584982283,"(-0.0005843514809384942, 0.0009195475140586495)","(0.0, 0.0)",unstable,False
70,0,"(335.96772756573523, -1.6931315934660327)","(-0.001524903578683734, -0.0028815604746341705)","(0.0, 0.0)",unstable,False,335.96772756573523,-1.6931315934660327,"(-0.0029794119764119387, -0.006799723953008652)","(0.0, 0.0)",unstable,False
71,0,"(166.1137826500285, -11.684023479839773)","(0.005274631083011627, -0.0014619984431192279)","(0.0, 0.0)",unstable,False,166.1137826500285,-11.684023479839773,"(-0.0004608556628227234, -0.0003274168411735445)","(0.0, 0.0)",unstable,False
72,0,"(22.83980739013505, -10.824097380862776)","(0.0005081982235424221, -0.0008845973643474281)","(0.0, 0.0)",unstable,False,22.83980739013505,-10.824097380862776,"(-0.001286141574382782, 0.002570520620793104)","(0.0, 0.0)",unstable,False
73,0,"(300.3908919382144, -12.453343059797055)","(-0.0030310824513435364, -0.003238461911678314)","(0.0, 0.0)",unstable,False,300.3908919382144,-12.453343059797055,"(-0.0023357272148132324, -0.007275191601365805)","(0.0, 0.0)",unstable,False
74,0,"(66.17528533421381, -3.6721459367180405)","(-0.0017265675123780966, 7.819740858394653e-05)","(0.0, 0.0)",unstable,False,66.17528533421381,-3.6721459367180405,"(-0.0010333039099350572, -0.010329006239771843)","(0.0, 0.0)",unstable,False
75,0,"(321.8471851555241, -5.3167471231992245)","(-0.0021523446775972843, -0.0058252462185919285)","(0.0, 0.0)",unstable,False,321.8471851555241,-5.3167471231992245,"(-0.0011736223241314292, -0.00857650674879551)","(0.0, 0.0)",unstable,False
76,0,"(187.5916866590757, 13.339680482409516)","(0.0006302878027781844, -0.0001362632174277678)","(0.0, 0.0)",unstable,False,187.5916866590757,13.339680482409516,"(-0.004936850629746914, 0.0005870122113265097)","(0.0, 0.0)",unstable,False
77,0,"(232.3974905330401, -7.68428675593767)","(0.0007776558632031083, 0.00028196274070069194)","(0.0, 0.0)",unstable,False,232.3974905330401,-7.68428675593767,"(0.006295116152614355, 0.015631061047315598)","(0.0, 0.0)",unstable,False
78,0,"(246.70199587015267, -1.5725502518804293)","(-0.0034337465185672045, 0.00648732203990221)","(0.0, 0.0)",unstable,False,246.70199587015267,-1.5725502518804293,"(0.001744721783325076, 0.0007332280511036515)","(0.0, 0.0)",unstable,False
79,0,"(148.1855890376408, 3.1756419957147966)","(-0.0019081011414527893, -0.0021469900384545326)","(0.0, 0.0)",unstable,False,148.1855890376408,3.1756419957147966,"(0.00019689276814460754, -0.0028712034691125154)","(0.0, 0.0)",unstable,False
80,0,"(95.7208727226399, 12.911564999192668)","(0.006200727075338364, 0.001497527351602912)","(0.0, 0.0)",unstable,False,95.7208727226399,12.911564999192668,"(-0.0011661096941679716, -0.007978018373250961)","(0.0, 0.0)",unstable,False
81,0,"(195.77953730292845, 10.798754750120361)","(0.0003626704274211079, 0.00037953892024233937)","(0.0, 0.0)",unstable,False,195.77953730292845,10.798754750120361,"(-0.0029723732732236385, -0.007043009158223867)","(0.0, 0.0)",unstable,False
82,0,"(207.61587451354072, 7.8908992065745)","(-0.0023304105270653963, -0.001767809852026403)","(0.0, 0.0)",unstable,False,207.61587451354072,7.8908992065745,"(-0.003141894470900297, -0.0003729207383003086)","(0.0, 0.0)",unstable,False
83,0,"(150.42848663303343, 0.8839824478845187)","(0.002561613917350769, -9.187780233332887e-05)","(0.0, 0.0)",unstable,False,150.42848663303343,0.8839824478845187,"(-0.002676546573638916, -0.001171376439742744)","(0.0, 0.0)",unstable,False
84,0,"(302.900354477796, 3.9840030985633685)","(-0.0031249956227838993, -0.00047314996481873095)","(0.0, 0.0)",unstable,False,302.900354477796,3.9840030985633685,"(0.0019536777399480343, 0.007813860662281513)","(0.0, 0.0)",unstable,False
85,0,"(324.8000996395847, -2.257877936436051)","(0.0009685195982456207, -0.003424725029617548)","(0.0, 0.0)",unstable,False,324.8000996395847,-2.257877936436051,"(-0.0019221075344830751, -0.005391552112996578)","(0.0, 0.0)",unstable,False
86,0,"(182.20278287280718, 6.880265017441282)","(0.0011653006076812744, -0.0015467379707843065)","(0.0, 0.0)",unstable,False,182.20278287280718,6.880265017441282,"(0.0066496580839157104, 0.007418242748826742)","(0.0, 0.0)",unstable,False
87,0,"(287.4550006915542, 12.012178408915704)","(-0.004058907739818096, -0.00501685356721282)","(0.0, 0.0)",unstable,False,287.4550006915542,12.012178408915704,"(-0.0025485747028142214, -0.0104365861043334)","(0.0, 0.0)",unstable,False
88,0,"(2.6417573167932717, -8.246793875555664)","(0.0005768268601968884, 0.001598322531208396)","(0.0, 0.0)",unstable,False,2.6417573167932717,-8.246793875555664,"(-0.0032780678011476994, -0.011946204118430614)","(0.0, 0.0)",unstable,False
89,0,"(188.7243724820743, 6.762331936089819)","(9.066164784599096e-05, 0.0010056596947833896)","(0.0, 0.0)",unstable,False,188.7243724820743,6.762331936089819,"(0.007857067510485649, 0.013680420815944672)","(0.0, 0.0)",unstable,False
90,0,"(347.6267467671024, -21.238349109406343)","(-0.000695635681040585, -0.004560419358313084)","(0.0, 0.0)",unstable,False,347.6267467671024,-21.238349109406343,"(0.0022413786500692368, 0.009586588479578495)","(0.0, 0.0)",unstable,False
91,0,"(53.58933443358286, 4.781853328692983)","(0.002316467696800828, 0.00022477019228972495)","(0.0, 0.0)",unstable,False,53.58933443358286,4.781853328692983,"(-3.608167025959119e-05, -0.00310862110927701)","(0.0, 0.0)",unstable,False
92,0,"(39.55979764933563, 3.8858290898494614)","(0.0038016631733626127, 0.006997366901487112)","(0.0, 0.0)",unstable,False,39.55979764933563,3.8858290898494614,"(0.005129250232130289, 0.010462726466357708)","(0.0, 0.0)",unstable,False
93,0,"(4.334504025697874, 1.4126171789204136)","(0.0007374038686975837, 0.002009050687775016)","(0.0, 0.0)",unstable,False,4.334504025697874,1.4126171789204136,"(0.0019732355140149593, 0.008181756362318993)","(0.0, 0.0)",unstable,False
94,0,"(100.98154054969356, -14.16565758813575)","(-0.0005804784595966339, -0.00023102022532839328)","(0.0, 0.0)",unstable,False,100.98154054969356,-14.16565758813575,"(-0.006510431878268719, -0.022320415824651718)","(0.0, 0.0)",unstable,False
95,0,"(269.313296695319, -9.03277323899021)","(0.001564952777698636, -0.0028196240309625864)","(0.0, 0.0)",unstable,False,269.313296695319,-9.03277323899021,"(-0.0005244336789473891, -0.008638212457299232)","(0.0, 0.0)",unstable,False
96,0,"(20.976499766621096, -4.094339930731436)","(0.000378478696802631, 0.0005530357593670487)","(0.0, 0.0)",unstable,False,20.976499766621096,-4.094339930731436,"(0.0015941053861752152, 0.0026571471244096756)","(0.0, 0.0)",unstable,False
97,0,"(229.18035136242935, 1.193048947092261)","(-0.009199237450957298, 0.001822243444621563)","(0.0, 0.0)",unstable,False,229.18035136242935,1.193048947092261,"(-0.004985824227333069, -0.010093031451106071)","(0.0, 0.0)",unstable,False
98,0,"(339.0234325032434, -10.267054542981262)","(0.001759745879098773, -0.0030657383613288403)","(0.0, 0.0)",unstable,False,339.0234325032434,-10.267054542981262,"(0.0016603933181613684, -0.002156864618882537)","(0.0, 0.0)",unstable,False
99,0,"(161.4848492276387, -2.974206901517573)","(0.0001808270753826946, -0.0025012590922415257)","(0.0, 0.0)",unstable,False,161.4848492276387,-2.974206901517573,"(0.0020657493732869625, -0.001263309270143509)","(0.0, 0.0)",unstable,False
100,0,"(182.17241641539817, -4.578126161040493)","(-0.0034446814097464085, -0.0017745792865753174)","(0.0, 0.0)",unstable,False,182.17241641539817,-4.578126161040493,"(0.0033222853671759367, 0.004545541945844889)","(0.0, 0.0)",unstable,False
101,0,"(297.00023640094764, 5.655793673053794)","(0.005701206624507904, 0.012078636325895786)","(0.0, 0.0)",unstable,False,297.00023640094764,5.655793673053794,"(0.005063192453235388, 0.010382423177361488)","(0.0, 0.0)",unstable,False
102,0,"(208.34256738394922, 1.9792014810531777)","(0.004923111293464899, 0.001172238844446838)","(0.0, 0.0)",unstable,False,208.34256738394922,1.9792014810531777,"(-0.0023457915522158146, -0.012867485173046589)","(0.0, 0.0)",unstable,False
103,0,"(140.77439427408743, -5.339524374124885)","(0.0038799166213721037, -0.0004050036077387631)","(0.0, 0.0)",unstable,False,140.77439427408743,-5.339524374124885,"(0.003617599606513977, 0.01496928185224533)","(0.0, 0.0)",unstable,False
104,0,"(119.79620090860232, -5.8236677045760405)","(-0.0021290809381753206, -5.371986117097549e-05)","(0.0, 0.0)",unstable,False,119.79620090860232,-5.8236677045760405,"(-0.0007422983762808144, -0.001637668116018176)","(0.0, 0.0)",unstable,False
105,0,"(300.76260778104614, -0.10702064884347745)","(-0.005316774360835552, -0.010891505517065525)","(0.0, 0.0)",unstable,False,300.76260778104614,-0.10702064884347745,"(0.0058394670486450195, 0.00785834901034832)","(0.0, 0.0)",unstable,False
106,0,"(23.21862491690473, -8.802578794270179)","(-0.0024143140763044357, 0.0003744965943042189)","(0.0, 0.0)",unstable,False,23.21862491690473,-8.802578794270179,"(0.008707073517143726, 0.018710630014538765)","(0.0, 0.0)",unstable,False
107,0,"(341.7673694019433, -18.107628011081513)","(0.0031886703800410032, 0.0010617505759000778)","(0.0, 0.0)",unstable,False,341.7673694019433,-18.107628011081513,"(0.00011213123798370361, 0.002823441056534648)","(0.0, 0.0)",unstable,False
108,0,"(254.09670640458927, -15.581242490470062)","(-0.007085837423801422, -0.005450538359582424)","(0.0, 0.0)",unstable,False,254.09670640458927,-15.581242490470062,"(-0.003747807117179036, -0.01004776917397976)","(0.0, 0.0)",unstable,False
109,0,"(191.3896991014339, -2.0179008708346444)","(0.0020185126923024654, -0.0012538885930553079)","(0.0, 0.0)",unstable,False,191.3896991014339,-2.0179008708346444,"(0.008528538048267365, 0.013661010190844536)","(0.0, 0.0)",unstable,False
110,0,"(261.0453177078583, -1.5721233842010442)","(-0.004114694893360138, 0.004967546556144953)","(0.0, 0.0)",unstable,False,261.0453177078583,-1.5721233842010442,"(-0.0006368771428242326, -0.005375359673053026)","(0.0, 0.0)",unstable,False
111,0,"(43.20193554298656, -3.157578307709566)","(0.0026018559001386166, 0.000601681531406939)","(0.0, 0.0)",unstable,False,43.20193554298656,-3.157578307709566,"(-0.0016660526162013412, -0.010937187820672989)","(0.0, 0.0)",unstable,False
112,0,"(9.641974426207135, 3.6184302506256594)","(0.0034857832361012697, 0.001923809526488185)","(0.0, 0.0)",unstable,False,9.641974426207135,3.6184302506256594,"(0.0013168260920792818, -0.0008094009244814515)","(0.0, 0.0)",unstable,False
113,0,"(152.50330209732942, -10.466043965083404)","(-0.0027206814847886562, -0.0017089899629354477)","(0.0, 0.0)",unstable,False,152.50330209732942,-10.466043965083404,"(0.00403785053640604, 0.005696211941540241)","(0.0, 0.0)",unstable,False
114,0,"(263.5755820279035, 14.924627208005042)","(-0.0007293179514817894, -0.0015143565833568573)","(0.0, 0.0)",unstable,False,263.5755820279035,14.924627208005042,"(0.0009180534398183227, 0.004103471990674734)","(0.0, 0.0)",unstable,False
115,0,"(196.187923757544, -4.611548969163514)","(-0.008404985070228577, -0.002911000745370984)","(0.0, 0.0)",unstable,False,196.187923757544,-4.611548969163514,"(-0.004551248159259558, -0.010939305648207664)","(0.0, 0.0)",unstable,False
116,0,"(240.68305408806992, 17.439925497980195)","(0.006606195122003555, 0.003996285609900951)","(0.0, 0.0)",unstable,False,240.68305408806992,17.439925497980195,"(0.0019423678750172257, 0.008928761817514896)","(0.0, 0.0)",unstable,False
117,0,"(134.48633326694556, 6.592722516701453)","(0.0034767859615385532, 0.0005715166917070746)","(0.0, 0.0)",unstable,False,134.48633326694556,6.592722516701453,"(-0.004760156851261854, -0.014597639441490173)","(0.0, 0.0)",unstable,False
118,0,"(174.13351172919363, 1.8282395688326705)","(-0.0004042103828396648, 0.00012106046779081225)","(0.0, 0.0)",unstable,False,174.13351172919363,1.8282395688326705,"(0.006617896258831024, 0.014428481459617615)","(0.0, 0.0)",unstable,False
119,0,"(129.85083673620994, 26.372836821893223)","(-0.001195800257846713, 0.00016457124729640782)","(0.0, 0.0)",unstable,False,129.85083673620994,26.372836821893223,"(0.0022212297189980745, -0.002604702953249216)","(0.0, 0.0)",unstable,False
120,0,"(179.1136972157809, -5.384007700272666)","(-0.0064911069348454475, 0.0012779317330569029)","(0.0, 0.0)",unstable,False,179.1136972157809,-5.384007700272666,"(0.004196508321911097, 0.00936957634985447)","(0.0, 0.0)",unstable,False
121,0,"(186.87026839668084, -14.116971758934591)","(0.0023349090479314327, -0.00010470781853655353)","(0.0, 0.0)",unstable,False,186.87026839668084,-14.116971758934591,"(-0.0021609931718558073, -0.010703081265091896)","(0.0, 0.0)",unstable,False
122,0,"(23.403685476155516, -1.0885719362035826)","(-8.935155165090691e-06, -0.00014492389163933694)","(0.0, 0.0)",unstable,False,23.403685476155516,-1.0885719362035826,"(-0.0030096948612481356, -0.003859247313812375)","(0.0, 0.0)",unstable,False
123,0,"(227.64148608829345, 1.3712731785996937)","(-0.001859322190284729, -0.0007268242770805955)","(0.0, 0.0)",unstable,False,227.64148608829345,1.3712731785996937,"(-0.0018766329158097506, -0.00039912472129799426)","(0.0, 0.0)",unstable,False
124,0,"(306.7150127690109, -10.361156623332368)","(-0.00023604817397426814, 0.007571497466415167)","(0.0, 0.0)",unstable,False,306.7150127690109,-10.361156623332368,"(-0.007622201927006245, -0.024387868121266365)","(0.0, 0.0)",unstable,False
125,0,"(340.24048731061424, 7.277368356046313)","(0.001776507473550737, 0.0030108566861599684)","(0.0, 0.0)",unstable,False,340.24048731061424,7.277368356046313,"(-0.00010357052087783813, 0.0035457450430840254)","(0.0, 0.0)",unstable,False
126,0,"(246.55372313824049, 10.03534336264443)","(-0.0012224360834807158, 0.005454800091683865)","(0.0, 0.0)",unstable,False,246.55372313824049,10.03534336264443,"(-0.004141908138990402, -0.006341935601085424)","(0.0, 0.0)",unstable,False
127,0,"(48.83200789167168, 14.998154526050646)","(-0.005225923843681812, -0.000552228419110179)","(0.0, 0.0)",unstable,False,48.83200789167168,14.998154526050646,"(-0.003941291011869907, -0.007512419018894434)","(0.0, 0.0)",unstable,False
128,0,"(15.087870843834601, -2.0466938296640915)","(0.0016691054916009307, 0.0038025148678570986)","(0.0, 0.0)",unstable,False,15.087870843834601,-2.0466938296640915,"(0.0033848627936095, 0.0076143802143633366)","(0.0, 0.0)",unstable,False
129,0,"(62.35983844771971, 3.571864270525864)","(-0.00553817767649889, -0.0004283565212972462)","(0.0, 0.0)",unstable,False,62.35983844771971,3.571864270525864,"(-0.00557017931714654, -0.007244755979627371)","(0.0, 0.0)",unstable,False
130,0,"(195.93922519732305, 10.270733386176282)","(-0.0009874396491795778, 0.004133227746933699)","(0.0, 0.0)",unstable,False,195.93922519732305,10.270733386176282,"(-0.007348975632339716, 0.0001598308444954455)","(0.0, 0.0)",unstable,False
131,0,"(335.36361849711614, -11.288285575442154)","(0.004066302441060543, 0.013986481353640556)","(0.0, 0.0)",unstable,False,335.36361849711614,-11.288285575442154,"(0.001228485954925418, 0.006475901696830988)","(0.0, 0.0)",unstable,False
132,0,"(337.36888258291907, 1.9320211257359612)","(0.00500098429620266, 0.006400060839951038)","(0.0, 0.0)",unstable,False,337.36888258291907,1.9320211257359612,"(0.001710182405076921, 0.006794935557991266)","(0.0, 0.0)",unstable,False
133,0,"(331.76318534219604, -4.717058189626751)","(-0.0054249330423772335, -0.01134395133703947)","(0.0, 0.0)",unstable,False,331.76318534219604,-4.717058189626751,"(0.0023376927711069584, 0.011668876744806767)","(0.0, 0.0)",unstable,False
134,0,"(198.31107450800081, 3.183518045454685)","(-0.0011241674656048417, 3.1034356652526185e-05)","(0.0, 0.0)",unstable,False,198.31107450800081,3.183518045454685,"(-0.0016149573493748903, -0.01079685240983963)","(0.0, 0.0)",unstable,False
135,0,"(46.83243548920263, -1.4943388841009755)","(-0.0028374516405165195, -0.0008596599218435585)","(0.0, 0.0)",unstable,False,46.83243548920263,-1.4943388841009755,"(-0.001305755227804184, 0.002804539632052183)","(0.0, 0.0)",unstable,False
136,0,"(348.969569974155, 21.097627782939753)","(-0.0005067288875579834, -0.0005490313633345068)","(0.0, 0.0)",unstable,False,348.969569974155,21.097627782939753,"(-0.007626190781593323, -0.004597322549670935)","(0.0, 0.0)",unstable,False
137,0,"(244.8234808032013, -2.939180705636679)","(0.00810372643172741, 0.0022684535942971706)","(0.0, 0.0)",unstable,False,244.8234808032013,-2.939180705636679,"(-0.0027210868429392576, 0.005956733133643866)","(0.0, 0.0)",unstable,False
138,0,"(133.7162230058368, -9.230531438206533)","(-0.008018474094569683, -0.00036291772266849875)","(0.0, 0.0)",unstable,False,133.7162230058368,-9.230531438206533,"(0.0007044930243864655, 0.00196404242888093)","(0.0, 0.0)",unstable,False
139,0,"(98.60135013752381, 4.937527920578773)","(0.006425696425139904, -0.0008408114081248641)","(0.0, 0.0)",unstable,False,98.60135013752381,4.937527920578773,"(0.0024224817752838135, 0.0049440148286521435)","(0.0, 0.0)",unstable,False
140,0,"(44.58339681775356, 15.835202802118708)","(0.0008093817159533501, 0.00016955143655650318)","(0.0, 0.0)",unstable,False,44.58339681775356,15.835202802118708,"(-0.003857941133901477, -0.00490680243819952)","(0.0, 0.0)",unstable,False
141,0,"(84.81138272449036, -2.8138784798919114)","(-0.0036230399273335934, -0.0006934773409739137)","(0.0, 0.0)",unstable,False,84.81138272449036,-2.8138784798919114,"(0.006073273718357086, 0.009597038850188255)","(0.0, 0.0)",unstable,False
142,0,"(9.820189298626879, 3.4879264424709207)","(-0.0003914065600838512, 0.009254896081984043)","(0.0, 0.0)",unstable,False,9.820189298626879,3.4879264424709207,"(0.004430911038070917, 0.008386272937059402)","(0.0, 0.0)",unstable,False
143,0,"(97.69362280428741, 8.045860156421606)","(0.0011014550691470504, 0.0008143596351146698)","(0.0, 0.0)",unstable,False,97.69362280428741,8.045860156421606,"(0.006861337460577488, 0.01728036068379879)","(0.0, 0.0)",unstable,False
144,0,"(183.75092765474085, 1.5286129972548395)","(0.004848661832511425, 0.0024851413909345865)","(0.0, 0.0)",unstable,False,183.75092765474085,1.5286129972548395,"(0.00548229506239295, 0.011282497085630894)","(0.0, 0.0)",unstable,False
145,0,"(73.55716952439823, 13.965464751677693)","(0.0038637020625174046, 0.0007459988119080663)","(0.0, 0.0)",unstable,False,73.55716952439823,13.965464751677693,"(0.003570050001144409, 0.012647447176277637)","(0.0, 0.0)",unstable,False
146,0,"(114.4316231782057, -8.915586261042012)","(0.007127904798835516, 0.0004930708673782647)","(0.0, 0.0)",unstable,False,114.4316231782057,-8.915586261042012,"(-0.0012093428522348404, -0.006904140114784241)","(0.0, 0.0)",unstable,False
147,0,"(205.82504241165466, -3.7903443611471808)","(-0.00280144065618515, -0.002907679183408618)","(0.0, 0.0)",unstable,False,205.82504241165466,-3.7903443611471808,"(-0.0004983007675036788, 0.0011496181832626462)","(0.0, 0.0)",unstable,False
148,0,"(170.7392399968798, 22.248414468798018)","(-0.001072683953680098, 7.976522465469316e-05)","(0.0, 0.0)",unstable,False,170.7392399968798,22.248414468798018,"(-0.0001968294382095337, -0.0037805712781846523)","(0.0, 0.0)",unstable,False
149,0,"(53.22934919691062, -1.4499651615802023)","(1.9597262507886626e-05, 0.0001741320884320885)","(0.0, 0.0)",unstable,False,53.22934919691062,-1.4499651615802023,"(-0.0005351916188374162, -0.006991474889218807)","(0.0, 0.0)",unstable,False
150,0,"(347.1880991548167, 11.450049131066194)","(-0.004588371608406305, -0.0054762582294642925)","(0.0, 0.0)",unstable,False,347.1880991548167,11.450049131066194,"(0.007294164039194584, 0.006894039921462536)","(0.0, 0.0)",unstable,False
151,0,"(148.47119358508252, -2.8556266182885186)","(-0.0025359406135976315, 0.0016626777360215783)","(0.0, 0.0)",unstable,False,148.47119358508252,-2.8556266182885186,"(0.00038168951869010925, -0.005714769475162029)","(0.0, 0.0)",unstable,False
152,0,"(331.81062467068153, 3.4591399336243462)","(-0.00031119881896302104, 5.8368943427922204e-05)","(0.0, 0.0)",unstable,False,331.81062467068153,3.4591399336243462,"(0.0033032535575330257, 0.009544975124299526)","(0.0, 0.0)",unstable,False
153,0,"(345.00709332106936, 9.807780965567297)","(-0.0037417791318148375, -0.003939047455787659)","(0.0, 0.0)",unstable,False,345.00709332106936,9.807780965567297,"(7.464140799129382e-05, -0.0007244611624628305)","(0.0, 0.0)",unstable,False
154,0,"(171.08921665607593, -8.756806920739214)","(0.008809785358607769, 0.0036453870125114918)","(0.0, 0.0)",unstable,False,171.08921665607593,-8.756806920739214,"(0.006293849088251591, 0.014780998229980469)","(0.0, 0.0)",unstable,False
155,0,"(277.02059942277805, 2.262216746155849)","(-0.0008749581757001579, -0.006002339534461498)","(0.0, 0.0)",unstable,False,277.02059942277805,2.262216746155849,"(0.0009261593222618103, -0.0011652440298348665)","(0.0, 0.0)",unstable,False
156,0,"(225.95557237059094, 13.23735973332962)","(0.0061728255823254585, 0.007041175849735737)","(0.0, 0.0)",unstable,False,225.95557237059094,13.23735973332962,"(0.002579961670562625, 0.008018190041184425)","(0.0, 0.0)",unstable,False
157,0,"(265.6562730199902, 3.9259569960640306)","(-0.0003077544388361275, -0.000745734665542841)","(0.0, 0.0)",unstable,False,265.6562730199902,3.9259569960640306,"(-0.0016240186523646116, -0.012988666072487831)","(0.0, 0.0)",unstable,False
158,0,"(208.41119990900526, 2.854728346292873)","(0.007680210284888744, -0.0013453422579914331)","(0.0, 0.0)",unstable,False,208.41119990900526,2.854728346292873,"(0.002752451691776514, -0.0003358405956532806)","(0.0, 0.0)",unstable,False
159,0,"(29.091567958861834, -5.274032330857682)","(-1.9824317860184237e-05, 0.0008002634276635945)","(0.0, 0.0)",unstable,False,29.091567958861834,-5.274032330857682,"(0.004945722874253988, 0.010419270023703575)","(0.0, 0.0)",unstable,False
160,0,"(72.36580738845139, 0.5199581988390011)","(0.0021973252296447754, 0.0006092030089348555)","(0.0, 0.0)",unstable,False,72.36580738845139,0.5199581988390011,,,,
161,0,"(6.725206874397425, -7.819943235792856)","(0.0010972425807267427, 0.0027890517376363277)","(0.0, 0.0)",unstable,False,6.725206874397425,-7.819943235792856,,,,
162,0,"(6.550833824855546, -38.10124872095481)","(0.004596213344484568, 0.003420193213969469)","(0.0, 0.0)",unstable,False,6.550833824855546,-38.10124872095481,,,,
163,0,"(286.12823032993634, 1.5775615787190278)","(-0.0030939243733882904, 0.00032663208548910916)","(0.0, 0.0)",unstable,False,286.12823032993634,1.5775615787190278,,,,
164,0,"(277.9824168568232, -5.808652737948909)","(-0.008851708844304085, -0.007017599884420633)","(0.0, 0.0)",unstable,False,277.9824168568232,-5.808652737948909,,,,
165,0,"(9.297179540209935, 10.606145321939868)","(-0.001961447997018695, -0.00039615947753190994)","(0.0, 0.0)",unstable,False,9.297179540209935,10.606145321939868,,,,
166,0,"(180.10033908385913, 16.345132420676567)","(-0.0009178862092085183, -0.0013490598648786545)","(0.0, 0.0)",unstable,False,180.10033908385913,16.345132420676567,,,,
167,0,"(181.86031098822352, 23.40462481365782)","(0.0027786672580987215, 0.0022742419969290495)","(0.0, 0.0)",unstable,False,181.86031098822352,23.40462481365782,,,,
168,0,"(56.663841686696045, 0.8467782959750971)","(-0.001265869359485805, -0.00045169991790317)","(0.0, 0.0)",unstable,False,56.663841686696045,0.8467782959750971,,,,
169,0,"(32.021686342482674, 15.227876865330357)","(-0.003409531433135271, -0.0013182770926505327)","(0.0, 0.0)",unstable,False,32.021686342482674,15.227876865330357,,,,
170,0,"(344.3793813815213, -25.41557437596343)","(-0.005184790585190058, -0.0106849055737257)","(0.0, 0.0)",unstable,False,344.3793813815213,-25.41557437596343,,,,
171,0,"(334.41695094904316, -11.90101584727457)","(-0.0030337958596646786, -0.00632905587553978)","(0.0, 0.0)",unstable,False,334.41695094904316,-11.90101584727457,,,,
172,0,"(152.6916536874581, -2.3489868298660435)","(-0.0015187397366389632, 0.0001530516892671585)","(0.0, 0.0)",unstable,False,152.6916536874581,-2.3489868298660435,,,,
173,0,"(241.82764938848322, 12.654146086921806)","(-0.0009215433383360505, -0.0026678075082600117)","(0.0, 0.0)",unstable,False,241.82764938848322,12.654146086921806,,,,
174,0,"(31.63550132951763, 0.5343927573943698)","(0.0028754984959959984, 0.008287693373858929)","(0.0, 0.0)",unstable,False,31.63550132951763,0.5343927573943698,,,,
175,0,"(38.142856747105974, 6.7374672203004815)","(0.0035493909381330013, -0.00043677835492417216)","(0.0, 0.0)",unstable,False,38.142856747105974,6.7374672203004815,,,,
176,0,"(219.43269393308708, 15.079690796698422)","(0.005114229861646891, 0.0016468189423903823)","(0.0, 0.0)",unstable,False,219.43269393308708,15.079690796698422,,,,
177,0,"(285.9951489223589, 1.4295421549216467)","(-0.002027226611971855, 0.003274938091635704)","(0.0, 0.0)",unstable,False,285.9951489223589,1.4295421549216467,,,,
178,0,"(254.49910488908685, 12.559498003048626)","(-0.0066506750881671906, -0.0012593070277944207)","(0.0, 0.0)",unstable,False,254.49910488908685,12.559498003048626,,,,
179,0,"(148.73923905549313, -2.437550987647911)","(-0.002063244581222534, -0.000383133243303746)","(0.0, 0.0)",unstable,False,148.73923905549313,-2.437550987647911,,,,
180,0,"(352.3068029799362, -4.052192276922085)","(0.00014022886171005666, -0.0007213385542854667)","(0.0, 0.0)",unstable,False,352.3068029799362,-4.052192276922085,,,,
181,0,"(18.762631162827855, -4.230237758333099)","(5.04359595652204e-05, 0.0009374168002977967)","(0.0, 0.0)",unstable,False,18.762631162827855,-4.230237758333099,,,,
182,0,"(17.417074058731743, -9.990622985683324)","(0.003538659308105707, 0.0016744097229093313)","(0.0, 0.0)",unstable,False,17.417074058731743,-9.990622985683324,,,,
183,0,"(336.05432487909405, -1.9347692707449338)","(0.0025519155897200108, 0.007242468651384115)","(0.0, 0.0)",unstable,False,336.05432487909405,-1.9347692707449338,,,,
184,0,"(349.4339869607583, 7.075415849858424)","(-0.006124553736299276, -0.011603793129324913)","(0.0, 0.0)",unstable,False,349.4339869607583,7.075415849858424,,,,
185,0,"(73.44382314656751, 11.830043556928008)","(0.0020584315061569214, 0.00010074323654407635)","(0.0, 0.0)",unstable,False,73.44382314656751,11.830043556928008,,,,
186,0,"(162.00194169771257, -2.0365348590730328)","(-0.006862054578959942, -0.0027978690341115)","(0.0, 0.0)",unstable,False,162.00194169771257,-2.0365348590730328,,,,
187,0,"(218.57412910163941, 10.449260539109764)","(-0.003348038997501135, -0.005192567594349384)","(0.0, 0.0)",unstable,False,218.57412910163941,10.449260539109764,,,,
188,0,"(178.34865090629955, 4.140498972510591)","(0.0016507550608366728, 0.0016979051288217306)","(0.0, 0.0)",unstable,False,178.34865090629955,4.140498972510591,,,,
189,0,"(282.3089737632718, -6.768257772811509)","(-0.002376885386183858, -0.010570503771305084)","(0.0, 0.0)",unstable,False,282.3089737632718,-6.768257772811509,,,,
190,0,"(214.1359793740415, 23.204909638196987)","(-0.00232514226809144, -0.0013149644946679473)","(0.0, 0.0)",unstable,False,214.1359793740415,23.204909638196987,,,,
191,0,"(84.34660791300435, -8.221600108522237)","(-0.0008270203834399581, -0.0007661374984309077)","(0.0, 0.0)",unstable,False,84.34660791300435,-8.221600108522237,,,,
192,0,"(290.38615799254404, 22.16224806359042)","(-0.004014716949313879, -0.004617185331881046)","(0.0, 0.0)",unstable,False,290.38615799254404,22.16224806359042,,,,
193,0,"(313.49558033128994, 0.9116253066148817)","(0.004148097243160009, 0.008657103404402733)","(0.0, 0.0)",unstable,False,313.49558033128994,0.9116253066148817,,,,
194,0,"(300.51522014785115, 6.0072629911404585)","(-0.0021217192988842726, 0.0024625048972666264)","(0.0, 0.0)",unstable,False,300.51522014785115,6.0072629911404585,,,,
195,0,"(115.814810692276, -1.01037785431639)","(-0.001445133239030838, -0.0017270961543545127)","(0.0, 0.0)",unstable,False,115.814810692276,-1.01037785431639,,,,
196,0,"(56.14858453733854, 0.010344108399885168)","(-0.0027026657480746508, -0.002644276013597846)","(0.0, 0.0)",unstable,False,56.14858453733854,0.010344108399885168,,,,
197,0,"(227.1137555941356, -10.443753954520258)","(0.0016869765240699053, -0.0003885916084982455)","(0.0, 0.0)",unstable,False,227.1137555941356,-10.443753954520258,,,,
198,0,"(248.23563971249183, -7.396024529007369)","(-0.0009030431392602623, -0.0027810947503894567)","(0.0, 0.0)",unstable,False,248.23563971249183,-7.396024529007369,,,,
199,0,"(331.3498529504931, 0.4033322116665996)","(-0.0023191242944449186, -0.007971709594130516)","(0.0, 0.0)",unstable,False,331.3498529504931,0.4033322116665996,,,,
