,"(x0, x_t0)",success_no_reg,success_reg_derivative,success_reg_derivative_unstable_fp
0,"(-0.051155697524179505, -0.05950266142244314)",False,True,True
0,"(0.7716480356657753, -0.03060896475066407)",False,True,False
0,"(-0.2879105295074996, 0.1361612407336486)",False,True,True
0,"(-0.1969132809831832, -0.23207430410634597)",False,True,False
0,"(-0.20912278959932945, 0.21575156508639792)",False,True,True
0,"(0.1789392626204229, 0.04838877937805634)",False,False,True
0,"(0.10459892537226968, 0.03384412970785664)",False,False,False
0,"(-0.27237770714449644, -0.10682615256635)",False,True,True
0,"(-0.20080481399888464, -0.25998849678643904)",False,True,True
0,"(-0.03606164306391715, 0.042882959400034996)",False,False,False
0,"(-0.17031528905177043, -0.0368834846959595)",False,True,True
0,"(0.05095639224236745, 0.4393075612273714)",False,True,False
0,"(-0.40902947325526834, -0.26761820716244467)",False,True,False
0,"(-0.14225208934003863, 0.3391533983788368)",False,True,False
0,"(-0.38888098276720207, 0.2253423450095634)",False,True,False
0,"(-0.07041766196196249, -0.08470138111867813)",False,True,True
0,"(-0.1334493009444984, 0.4353271201745149)",False,True,False
0,"(0.10877815028933611, -0.45676259160028565)",False,False,True
0,"(-0.11511119061455609, -0.14001007057088816)",False,False,True
0,"(-0.060472141766545646, -0.29463689301409485)",False,True,True
0,"(0.17650153748288935, -0.30078862243270027)",False,False,True
0,"(0.10337551893951558, 0.12402304518744228)",False,True,True
0,"(-0.3129675939271133, -0.18573579899816767)",False,True,False
0,"(-0.15007872152385515, -0.18085130285915438)",False,True,False
0,"(-0.44377782419203377, -0.27843959463403195)",False,True,False
0,"(-0.18083907418205578, -0.06517758534405804)",False,True,True
0,"(0.027216966186870563, -0.07111064107546629)",False,False,False
0,"(-0.05388183498617536, -0.06264132716851152)",False,True,True
0,"(-0.034574363544995136, 0.26509361770369255)",False,False,False
0,"(-0.05575149527524658, 0.0843255855461482)",False,False,True
0,"(0.3351099589641898, 0.1566785193302248)",False,True,False
0,"(-0.055466772197071024, -0.0096033262517253)",False,False,False
0,"(-0.14124637088808847, -0.08886657547177178)",False,True,True
0,"(-0.23195919215726252, 0.030969807474390286)",False,False,True
0,"(0.28103982900003166, 0.19318373118748963)",False,True,False
0,"(-0.15678436886022434, 0.20815887480120077)",False,True,True
0,"(0.2981345104929277, -0.14687750883449618)",False,False,False
0,"(0.33545132809232925, -0.01681665421784514)",False,True,False
0,"(0.3499221770164687, 0.5052107583987434)",True,True,True
0,"(-0.14942276585384165, 0.360838847982538)",False,True,False
0,"(0.1614516753105947, -0.21122421499005034)",False,False,True
0,"(-0.10175205586440936, -0.3157826997225293)",False,True,True
0,"(-0.12108925607271999, 0.05403193066230915)",False,False,False
0,"(-0.20567478454890464, -0.17920651561117193)",False,False,True
0,"(-0.007766044539569395, 0.2643620881318433)",False,True,False
0,"(0.29665658469575884, 0.22610686146401862)",False,False,True
0,"(-0.1661020428532482, 0.13408409824521397)",False,False,True
0,"(0.04925326769782434, 0.5650594817798971)",True,True,True
0,"(-0.5055001634778805, 0.07005653168604971)",False,False,False
0,"(0.2315656821401985, -0.016128611735874272)",False,False,True
0,"(-0.26233512590382746, -0.019932963572017185)",False,True,True
0,"(0.15627730361059894, -0.49240543400570086)",False,False,True
0,"(0.2137282767970145, 0.1927807280439791)",False,True,True
0,"(-0.13279802928583592, 0.22280486360802723)",False,True,False
0,"(-0.24824587580021332, 0.005582398061989663)",False,False,True
0,"(-0.1763815141145915, 0.11429745315769511)",False,False,True
0,"(-0.38597777826681673, 0.06121862752277776)",False,False,False
0,"(-0.19012147216809613, 0.2795611521367082)",False,False,True
0,"(0.3503589761824147, 0.038598101534097595)",False,False,True
0,"(0.25638657494589273, -0.20205840410566162)",False,False,False
0,"(-0.09999342863156672, -0.3812303513538756)",False,True,True
0,"(0.19868032864040483, -0.026751721778157527)",False,True,False
0,"(-0.07352127173986184, 0.1995120336521995)",False,False,True
0,"(-0.010442348861834759, -0.09254302926409326)",False,False,False
0,"(0.28126942704220276, 0.06704930207943426)",False,True,False
0,"(0.4110665660709712, -0.12118715133721217)",False,True,False
0,"(0.049460021774776146, 0.2339085817707907)",False,True,True
0,"(-0.3283736560752996, -0.1681881478771907)",False,True,False
0,"(0.08118788083464758, -0.37675043628385846)",False,True,True
0,"(0.4022621183364314, 0.20521043136808004)",False,True,True
0,"(0.061563848453261814, -0.011468303741770835)",False,False,True
0,"(0.152708019929016, 0.26269735700626395)",False,True,False
0,"(0.22009178802904208, 0.2375223475335458)",False,True,False
0,"(-0.38059773075175013, 0.2207909186171035)",False,True,False
0,"(0.4392542714664428, -0.25317214549706685)",False,True,True
0,"(0.08294249457059735, 0.008562243806192287)",False,True,False
0,"(0.09047291218312979, 0.007814554024496467)",False,False,False
0,"(-0.27201152211958374, -0.12900089396898415)",False,False,False
0,"(-0.12898805276566147, -0.0541781069353047)",False,False,False
0,"(-0.02900741478636961, 0.17879942663127174)",False,True,False
0,"(0.03378106923100466, -0.1735186863556521)",False,True,False
0,"(-0.11481738494964416, -0.2017118660615225)",False,True,False
0,"(-0.27912439824542135, 0.03117284997723243)",False,True,True
0,"(-0.4393169933793862, -0.3806194827586298)",False,True,False
0,"(0.17138031821492106, -0.4388192124055614)",False,True,False
0,"(0.24502505814175563, -0.27004086101484315)",False,True,False
0,"(-0.23845319295637768, -0.2133801417161957)",False,False,True
0,"(0.19410158165173222, -0.004551998333742553)",False,False,True
0,"(0.2670402297529066, -0.22810670295219415)",False,False,True
0,"(-0.14618584281843472, 0.3894834356861731)",False,False,True
0,"(0.3028035235504062, -0.4655510500778072)",False,False,False
0,"(0.4182972416962086, -0.020081159841025813)",False,True,False
0,"(0.05174430414595641, -0.5100626461263866)",False,True,False
0,"(-0.14613217697365086, -0.011668188786221688)",False,False,False
0,"(-0.193398995246125, -0.029364297391999056)",False,True,False
0,"(-0.23457426547747262, 0.45194186406914455)",False,False,True
0,"(-0.01916134947594898, 0.22222083659792224)",False,True,True
0,"(0.5990624668818446, -0.11946437351882985)",False,False,True
0,"(0.5911953270483785, 0.13558446493403128)",False,True,True
0,"(0.058675696356312236, 0.32111700615355293)",False,True,False
0,"(-0.048633186379398306, 0.23957598484940543)",False,False,True
0,"(-0.10175568208175816, -0.013652943903959104)",False,False,True
0,"(0.22808031971893286, 0.2091416044729247)",False,False,True
0,"(0.43011812175175934, -0.46134262083211)",False,False,False
0,"(0.00038457609556954715, -0.7546375463503879)",True,True,True
0,"(0.4833561103667806, 0.1734928440289304)",False,True,True
0,"(0.4524087895214174, 0.147702887946015)",False,True,False
0,"(0.06839411398426398, -0.19646233953116338)",False,False,True
0,"(0.0931528010232734, 0.040644512701148425)",False,False,False
0,"(-0.22359806246554786, 0.13139592438288167)",False,True,False
0,"(0.03510838803174584, 0.17109886377204508)",False,True,True
0,"(0.49664607470038247, -0.14862641351821343)",False,False,False
0,"(-0.022155865644354587, 0.07921831372675273)",False,False,True
0,"(0.1917148469443266, -0.055857608511088966)",False,True,False
0,"(-0.053211609012735576, -0.08757651671548068)",False,False,False
0,"(0.12829457606953135, -0.4336194018063563)",False,True,False
0,"(0.5356805482670599, 0.20609734448468459)",False,True,True
0,"(0.13581188953940684, 0.3259474062428253)",False,True,False
0,"(-0.2465992121941705, 0.1777942407284546)",False,False,True
0,"(0.4593436997883659, 0.051429108696631816)",False,False,True
0,"(0.49307108271948263, 0.049617932674771895)",False,True,True
0,"(0.3951849691826221, 0.11122423225494811)",False,True,False
0,"(-0.05538839000862365, -0.000622869480221595)",False,True,True
0,"(0.29281813561853914, 0.06036326105378294)",False,True,False
0,"(0.06978272163872781, 0.09314916706164342)",False,True,True
0,"(0.5937645051422615, 0.07187096450626386)",False,True,False
0,"(-0.0754947246360921, -0.11611444983189195)",False,True,False
0,"(-0.177948653850042, 0.022733265145208414)",False,False,False
0,"(-0.3758579672835074, -0.014899224964903604)",False,False,True
0,"(0.17828334507014976, -0.08895239386787744)",False,False,False
0,"(-0.19336873803379134, 0.18823086189280455)",False,True,True
0,"(-0.13955993115852877, -0.16169685635411463)",False,True,False
0,"(-0.465190209448908, -0.16399224695257475)",False,True,True
0,"(-0.1787650885521152, -0.05676370931458373)",False,True,True
0,"(0.07521338050006793, -0.16621356730891695)",False,False,False
0,"(-0.4830797226485696, -0.33029743143414203)",False,True,False
0,"(-0.0524929230398751, -0.17571276379005552)",False,False,True
0,"(-0.2369596432536966, 0.4273320635953597)",False,True,True
0,"(-0.1627915894515664, -0.12452624324456744)",False,True,True
0,"(-0.023208499373547284, 0.3509275216807702)",False,True,False
0,"(-0.018646222947817953, 0.15772708885544431)",False,True,True
0,"(-0.03589279766309927, -0.16547074485365132)",False,False,False
0,"(0.23644052969910473, 0.14373554825235202)",False,True,True
0,"(0.08571902610739306, 0.2553487366463237)",False,True,False
0,"(0.01928113900317726, -0.0032419891289679793)",False,False,True
0,"(0.26142704345805545, 0.11834589963162896)",False,True,True
0,"(-0.2772580282997678, 0.19637500746637407)",False,False,False
0,"(0.45695027259454535, -0.2999951271534486)",False,True,False
0,"(-0.013159436189389691, -0.23346125830843606)",False,False,True
0,"(-0.2911127360498647, -0.4944183297116461)",False,True,True
0,"(-0.0847591427669276, -0.06112262761854131)",False,True,False
0,"(-0.10470385197710562, -0.01773370238147308)",False,True,False
0,"(-0.06196248530086999, -0.013692645131613149)",False,False,False
0,"(-0.03217800034498863, -0.20860043781890789)",False,False,False
0,"(-0.11407776685682354, -0.1126213831233734)",False,False,False
0,"(-0.6448618116903478, -0.17936308886019742)",False,True,True
0,"(-0.2834656764622314, -0.24338413037020237)",False,True,False
0,"(-0.3148731819276097, -0.01024441247321884)",False,True,True
0,"(-0.434140139670356, -0.0043352374829519445)",False,True,True
0,"(-0.012479709218702135, 0.7086525234510185)",False,True,True
0,"(-0.4767456346005923, 0.0338852966373789)",False,True,False
0,"(-0.2702701608033777, -0.19280399505934062)",False,True,True
0,"(-0.029267467942161278, 0.048997154002344424)",False,False,False
0,"(-0.42379991244546356, -0.226230174375707)",False,True,True
0,"(-0.3477738299905858, -0.03838222828511591)",False,True,True
0,"(-0.2621250439358686, 0.08495816481322922)",False,True,False
0,"(0.296138244063392, -0.2895867807733254)",False,False,True
0,"(-0.2549601038764848, 0.016878975252139092)",False,False,True
0,"(0.6776003262665181, -0.5342553060216473)",False,True,True
0,"(0.21291588478048232, 0.08285006279151778)",False,True,True
0,"(-0.06756817095703244, -0.5018075326101837)",False,False,False
0,"(0.1676680874586637, 0.3637127697879245)",False,True,True
0,"(0.3305812940701412, 0.2963028176148789)",False,True,True
0,"(0.1248201585093428, 0.21125318783927055)",False,False,False
0,"(-0.2805156865393732, 0.19329489279136877)",False,True,True
0,"(0.07339516825954047, 0.2862167366462816)",False,True,False
0,"(0.321937935723238, -0.08006128432044081)",False,True,True
0,"(-0.011382848424211259, 0.037531723634453076)",False,True,False
0,"(0.27230837581207945, 0.4755455608808642)",True,True,True
0,"(-0.11116224018697014, 0.17643167540668334)",False,False,False
0,"(-0.3087805701156895, -0.06868021145673381)",False,False,True
0,"(-0.5207022427641965, 0.027015492260349987)",False,False,True
0,"(0.2132251013943896, -0.09335143178073459)",False,False,False
0,"(-0.22025453353657778, 0.43984355472628556)",False,False,False
0,"(0.10871192387192939, -0.40056368806615716)",False,False,True
0,"(-0.14335163778686955, -0.0363238622908571)",False,False,False
0,"(0.1597964426450459, 0.5631620447430542)",False,True,True
0,"(0.014145337873347883, -0.6012723071103142)",False,True,False
0,"(0.12564516879028217, -0.22640366257217673)",False,True,True
0,"(0.25625541420392456, 0.0023669330474836827)",False,False,True
0,"(-0.3314444004008184, -0.20334833530101626)",False,True,True
0,"(-0.06734703794927842, -0.18196895549381917)",False,False,False
0,"(-0.10408185443863044, 0.1782126555964519)",False,False,True
0,"(-0.09859478845469105, 0.05051066550742636)",False,True,False
0,"(-0.37647155539062194, -0.10318024980023748)",False,False,True
0,"(0.18237776606307096, 0.02715655487851762)",False,True,True
0,"(-0.20220263198680577, -0.19116266393107373)",False,True,True
0,"(-0.129020168840289, -0.1389710955203346)",False,True,True
0,"(-0.3856055645826092, -0.30574613866749323)",False,True,False
0,"(-0.43773540431576674, 0.18726009764975718)",False,True,False
0,"(0.22597313454784643, 0.05213873119681062)",False,False,True
0,"(-0.22163527172348124, -0.3724698520070124)",False,True,True
0,"(0.04978256746078265, 0.14934566469659064)",False,False,True
0,"(0.17283635704200825, -0.14126623891388781)",False,False,False
0,"(-0.24964083048025643, 0.18184328565813151)",False,False,False
0,"(-0.014205418585153805, 0.00991379589374616)",False,False,True
0,"(0.3003905501726045, -0.3211899169904697)",False,True,True
0,"(0.07121247956671421, 0.3284417301127825)",False,True,True
0,"(-0.2047276247332328, -0.1653189222360709)",False,False,True
0,"(-0.48491739053659416, 0.08530265748004862)",False,True,False
0,"(0.15522417348982692, -0.04346700062557159)",False,True,False
