,"(x0, x_t0)",converged to,closest fp,stability,success
0,"(-0.10233443180073071, -0.03211535396391479)","(0.1552075892686844, 2.319944381713867)",,,True
0,"(-0.016936912307225504, 0.011274718119381699)","(-0.4544423222541809, -0.6533917784690857)",,,False
0,"(-0.21269104041250786, -0.23650210382627246)","(-1.0305767059326172, 1.1354892253875732)",,,True
0,"(0.1208552357214509, 0.0026761257744741967)","(-0.3005560636520386, -2.4399917125701904)",,,False
0,"(-0.1680069586593412, -0.021711400768369193)","(0.9141882061958313, 2.665024518966675)",,,True
0,"(0.004885298607938727, -0.0707004785506223)","(-1.9373992681503296, 0.40287843346595764)",,,True
0,"(-0.031170261198835227, 0.23954834040255135)","(1.893743872642517, -0.4808445870876312)",,,True
0,"(-0.043294503104209445, -0.13689619438295525)","(-1.691978096961975, 0.6612878441810608)",,,True
0,"(-0.15453357504355283, -0.09751328177911485)","(-0.44976720213890076, 1.7004296779632568)",,,True
0,"(-0.01974133832180673, -0.06913912907316176)","(-1.6451730728149414, 0.6902109384536743)",,,False
0,"(0.05346685033256126, -0.0278571568531571)","(0.7650394439697266, -1.1388323307037354)",,,False
0,"(0.0005189570510542818, 0.13757046434809866)","(1.8713696002960205, -0.506159782409668)",,,True
0,"(0.08828491752671053, -0.06516803534222715)","(-1.9368797540664673, -0.6735475659370422)",,,True
0,"(0.027585943689461063, -0.0016827653109740823)","(1.223724126815796, -0.6406794786453247)",,,False
0,"(0.20701141042206644, -0.04218784077319801)","(-1.6815736293792725, -1.6624072790145874)",,,True
0,"(-0.05929334766075527, -0.23501854606865377)","(-1.6954911947250366, 0.6603403687477112)",,,True
0,"(0.07339658842824856, 0.09921559977925853)","(1.3518600463867188, -0.8833068013191223)",,,True
0,"(0.1623465023642393, -0.15460079755139083)","(-2.001662015914917, -0.08186279237270355)",,,True
0,"(0.03918843277722053, 0.008658285911623402)","(-0.18155376613140106, -2.350740909576416)",,,True
0,"(0.16722743822581693, 0.06362034937089181)","(-0.14580939710140228, -2.3108270168304443)",,,True
0,"(-0.12568692402679085, -0.038492391395915794)","(0.2629239559173584, 2.4340362548828125)",,,True
0,"(-0.10095865530218998, -0.03767247995628083)","(-0.013988515362143517, 2.1600875854492188)",,,True
0,"(-0.019296012681083337, -0.03745345941265511)","(-1.5264590978622437, 0.771009087562561)",,,False
0,"(0.022088623626991516, 0.06407530365623584)","(1.7067139148712158, -0.6502057909965515)",,,True
0,"(0.16734706856068216, 0.008202766892940876)","(1.0623894929885864, -0.39926043152809143)",,,False
0,"(0.05892924278976406, -0.0037177717022367665)","(-0.9376981854438782, -2.657310962677002)",,,True
0,"(0.06248416077411463, -0.13911901124698858)","(-1.9891650676727295, 0.23591868579387665)",,,True
0,"(-0.03094574701921043, -0.03630868563447452)","(-1.3000208139419556, 0.9223250150680542)",,,True
0,"(-0.09157860432692642, 0.07434928449084176)","(0.879298985004425, 2.6683602333068848)",,,False
0,"(-0.2837656320877695, 0.05367238785627339)","(1.7361160516738892, 1.4995157718658447)",,,True
0,"(0.03095724619247089, 0.00032797660390791993)","(0.9278036952018738, -1.216559648513794)",,,False
0,"(-0.016151324583047116, 0.08850765034376049)","(1.9584203958511353, -0.3514590859413147)",,,True
0,"(0.18385847983981163, 0.021284351975322573)","(-0.8297038078308105, -2.678039073944092)",,,True
0,"(-0.03170060520211396, 0.07120669028821161)","(2.007693290710449, -0.0944167971611023)",,,True
0,"(0.015466608423880299, -0.024004068887921965)","(-1.523718237876892, -1.998936414718628)",,,False
0,"(-0.10195776646661876, -0.08249562059351158)","(-0.8771711587905884, 1.2692567110061646)",,,True
0,"(-0.007063916967656882, -0.019792314459817162)","(-1.5268101692199707, 0.7538312673568726)",,,False
0,"(-0.06304807096892208, 0.07763863207829891)","(0.25966283679008484, 0.7382287383079529)",,,False
0,"(0.1786121610317427, -0.0356708948058699)","(-1.6190903186798096, -1.8021749258041382)",,,True
0,"(-0.047970160101637384, 0.12252522558509833)","(1.9868923425674438, -0.24921917915344238)",,,True
0,"(0.11022379444904747, 0.039438734510253766)","(-0.1813550740480423, -2.3651485443115234)",,,True
0,"(-0.15479124782097362, 0.014988215055598398)","(1.4136959314346313, 2.2417757511138916)",,,True
0,"(0.09300632671347156, -0.16839823836955162)","(-1.9923646450042725, 0.22278669476509094)",,,True
0,"(0.024190303241288538, -0.0060568450232846485)","(1.210176706314087, -0.6506780385971069)",,,False
0,"(-0.16481750101182474, 0.15144555705964646)","(1.9888219833374023, 0.13883833587169647)",,,True
0,"(0.1294988031793796, 0.028624943792886767)","(-0.19379585981369019, -2.346646785736084)",,,True
0,"(0.1665221538587982, -0.09366267674385902)","(-1.940471887588501, -0.6315714120864868)",,,True
0,"(0.16624969668463496, -0.12022537140755148)","(-1.9848769903182983, -0.34552305936813354)",,,True
0,"(0.06807303993045907, 0.03244301404345253)","(0.30796635150909424, -1.8454856872558594)",,,True
0,"(0.0028619490021653507, 0.05880458863485725)","(1.9005241394042969, -0.46872854232788086)",,,True
0,"(0.062053403044927125, -0.15050985647205917)","(-1.9813544750213623, 0.2741926908493042)",,,True
0,"(-0.15234575409808065, -0.14893872002050065)","(-0.9506924748420715, 1.2067453861236572)",,,True
0,"(-0.02561825398319853, 0.20314669589270562)","(1.9089940786361694, -0.45465803146362305)",,,True
0,"(-0.0689091416544088, -0.10582137089588667)","(-1.4176654815673828, 0.8422225713729858)",,,True
0,"(0.06214421904144484, 0.006655049158783007)","(-0.03511420264840126, -2.198270797729492)",,,False
0,"(-0.04866425602996421, -0.021104253041972665)","(-0.5029498338699341, 1.6548073291778564)",,,True
0,"(0.14154481689288692, -0.027444677610504772)","(-1.5609350204467773, -1.9558922052383423)",,,True
0,"(0.20175278468993907, 0.17544860930270806)","(0.7946614623069763, -1.3372442722320557)",,,True
0,"(0.07079723327312508, 0.035865778145661775)","(0.45665478706359863, -1.6925665140151978)",,,True
0,"(-0.11359462048728004, 0.09419307383158854)","(1.9698779582977295, 0.3963009715080261)",,,True
0,"(0.11976343755046633, 0.06912388780534344)","(0.4404066205024719, -1.7159900665283203)",,,True
0,"(0.07453354307007203, 0.11502092090644103)","(1.3883216381072998, -0.862820029258728)",,,True
0,"(0.2018296808879268, -0.2328320374140311)","(-2.0216403007507324, 0.08820867538452148)",,,True
0,"(-0.041421499058992194, -0.07023314368387698)","(-1.3952107429504395, 0.8555691838264465)",,,False
0,"(0.011022233978360562, -0.09367604373300371)","(-1.9444776773452759, 0.38954031467437744)",,,True
0,"(-0.0077066750285224896, 0.03501917889766123)","(1.9535595178604126, -0.350549578666687)",,,False
0,"(-0.16776450112412447, -0.038231573631427984)","(0.2793697118759155, 2.421553373336792)",,,True
0,"(-0.053169141841832, -0.09270530964480916)","(-1.4350367784500122, 0.8313268423080444)",,,True
0,"(-0.1540680183065643, 0.010350380128837036)","(1.2936451435089111, 2.422447681427002)",,,True
0,"(0.01879571683239786, -0.014439152457307492)","(-0.595137357711792, -2.5233426094055176)",,,False
0,"(-0.24981530565781374, 0.010013323925153743)","(1.31929612159729, 2.3899497985839844)",,,True
0,"(-0.038459741459411306, 0.07847326229904295)","(1.9765994548797607, -0.2889668047428131)",,,False
0,"(0.024104411310258724, -0.039177147102472915)","(-0.5617590546607971, -0.7780571579933167)",,,False
0,"(-0.06415807124756388, -0.20062165684597255)","(-1.649865746498108, 0.6908754706382751)",,,True
0,"(0.2406662991162754, 0.04744312489099845)","(-0.7868525981903076, -2.6695055961608887)",,,True
0,"(0.058468242024777, 0.09258318191676994)","(1.455246925354004, -0.8171215057373047)",,,True
0,"(-0.04095920899471908, -0.13226450139135953)","(-1.7050241231918335, 0.6491283774375916)",,,True
0,"(-0.07902902362585244, 0.12582881356166173)","(2.0029489994049072, -0.10406873375177383)",,,True
0,"(0.09723146859633341, 0.05304765696680461)","(0.3857758045196533, -1.7729241847991943)",,,True
0,"(-0.03264770537998743, -0.10784051556481965)","(-1.7158012390136719, 0.6436007618904114)",,,True
0,"(0.07657329082766233, 0.02761842918902432)","(0.03462474048137665, -2.141563892364502)",,,True
0,"(0.04276865609981795, 0.021092094970149425)","(0.40002959966659546, -1.7520694732666016)",,,True
0,"(0.003069999290945567, -0.14026323079878253)","(-1.8590600490570068, 0.514846682548523)",,,True
0,"(0.10146460812854166, 0.1609736682116567)","(1.4084104299545288, -0.8425555229187012)",,,True
0,"(-0.1390667455555739, 0.07244850601820346)","(1.9013288021087646, 0.8594982028007507)",,,True
0,"(-0.016096113440585074, -0.1955285426286416)","(-1.8070433139801025, 0.5718744993209839)",,,True
0,"(-0.08115272837276027, -0.05190635213968273)","(-0.6537566184997559, 1.4905011653900146)",,,True
0,"(-0.05013805251415492, -0.021078971530436065)","(-0.42646926641464233, 1.7223358154296875)",,,True
0,"(-0.16653042707158328, 0.010672902524305578)","(1.3927534818649292, 2.2788586616516113)",,,True
0,"(-0.04478400386936856, 0.03998631060132485)","(1.9190082550048828, 0.7789027690887451)",,,True
0,"(0.04488990176836876, 0.025911991715127564)","(0.7330923080444336, -1.4091142416000366)",,,True
0,"(-0.007383757122446881, -0.15132243651535457)","(-1.8500896692276, 0.5307084321975708)",,,True
0,"(-0.07507083708982325, 0.04458437354397868)","(0.9885746240615845, 2.6533474922180176)",,,False
0,"(0.08310637283690502, 0.018212428877348134)","(-0.004573524929583073, -2.175689697265625)",,,False
0,"(0.03541753779648243, 0.21208234893470013)","(1.7572094202041626, -0.6133373379707336)",,,True
0,"(-0.001388925511898607, -0.09468589277775566)","(-1.8811018466949463, 0.49373865127563477)",,,True
0,"(0.024121751799299106, 0.055434808669211105)","(1.580857753753662, -0.733128547668457)",,,False
0,"(-0.051636090586061736, 0.01969934579397695)","(-1.2701318264007568, 0.7543656229972839)",,,False
0,"(-0.039964438955409604, 0.032816605501252503)","(1.7726221084594727, 1.3868088722229004)",,,True
0,"(-0.12970920829712573, -0.059785259790459816)","(-0.12329433858394623, 2.049889087677002)",,,True
0,"(-0.053574498523481964, -0.01861233990667564)","(-0.05891503766179085, 2.113436222076416)",,,True
0,"(0.051304500339843684, -0.10054142046362449)","(-2.001634120941162, 0.12906678020954132)",,,True
0,"(-0.06454798805831093, 0.14347835052995336)","(1.9956209659576416, -0.23891320824623108)",,,True
0,"(-0.0036061918585833103, 0.06043932129214302)","(1.6823875904083252, -0.6729521155357361)",,,False
0,"(0.10774533034807754, 0.06840982800378381)","(0.7665378451347351, -1.363427758216858)",,,True
0,"(-0.05942917037588341, -0.0840239338346828)","(-1.4343063831329346, 0.8235775828361511)",,,True
0,"(-0.10335923477013431, 0.009313777254088785)","(0.7190325260162354, 2.6631245613098145)",,,False
0,"(-0.12913469590870838, -0.07098730951851087)","(-0.35440826416015625, 1.7996113300323486)",,,True
0,"(-0.08393976872232406, 0.020272287494649602)","(0.18270859122276306, 2.34981107711792)",,,False
0,"(0.004598845986359898, 0.09417704919407308)","(1.8719720840454102, -0.5105673670768738)",,,True
0,"(0.09731942620074596, -0.10763454389413536)","(-2.0043132305145264, -0.13470211625099182)",,,True
0,"(-0.1737166372367852, 0.23048545318289176)","(2.0053067207336426, -0.15741857886314392)",,,True
0,"(-0.02874947834763952, -0.0651817412998192)","(-1.5981627702713013, 0.7195634841918945)",,,True
0,"(0.04640803218401182, 0.08701300072188564)","(1.498929738998413, -0.7844534516334534)",,,True
0,"(0.12379291089208402, 0.21524475764609768)","(1.4269154071807861, -0.8355023264884949)",,,True
0,"(-0.12016032702637436, 0.01694883567209864)","(1.2833588123321533, 2.4395828247070312)",,,True
0,"(0.12603240263914348, -0.07982364537676556)","(-1.9389121532440186, -0.6886075735092163)",,,True
0,"(-0.1059772753203213, 0.11004736844200819)","(0.5873280167579651, 2.622746229171753)",,,False
0,"(0.2660401937503746, 0.13277970018785906)","(0.02128252200782299, -2.146944522857666)",,,True
0,"(0.0061425955261846295, 0.00849374608440177)","(1.517500638961792, 0.16850702464580536)",,,False
0,"(0.11205629870050152, -0.10129315997451938)","(-1.991626501083374, -0.32960280776023865)",,,True
0,"(-0.023709176667071116, 0.12909749740434331)","(1.9428374767303467, -0.38956737518310547)",,,True
0,"(-0.016928744713834307, 0.034245313049820904)","(0.8331197500228882, 0.4849725365638733)",,,False
0,"(0.1732027333036275, 0.1320918750129005)","(0.688811182975769, -1.4573566913604736)",,,True
0,"(0.05721127664947326, 0.15286311550761958)","(1.6339442729949951, -0.6977745294570923)",,,True
0,"(0.15273645317941545, 0.02990079882673373)","(-0.3785342872142792, -2.5028293132781982)",,,True
0,"(0.0780000407541443, -0.1827288790257156)","(-1.9777815341949463, 0.2920040488243103)",,,True
0,"(0.18168544760158611, 0.005192334278883239)","(-0.5628379583358765, -2.605459451675415)",,,False
0,"(-0.10288907013091178, -0.022189099684339506)","(0.4654894769191742, 2.5619940757751465)",,,True
0,"(0.05213206075202418, -0.07914421166213459)","(-2.0043609142303467, -0.015229746699333191)",,,True
0,"(0.2804826943319573, 0.0871322284587963)","(-0.506588339805603, -2.5796968936920166)",,,True
0,"(-0.07297959709570981, 0.025128368493049946)","(-1.0399694442749023, 1.1024281978607178)",,,False
0,"(-0.07852004045641844, 0.015175882271533925)","(0.19998082518577576, 2.3642020225524902)",,,False
0,"(0.012248364535225292, 0.002295652420531441)","(0.7804930806159973, 1.4131816625595093)",,,False
0,"(0.05480772936370572, -0.05224897642430827)","(-0.3761880695819855, -2.506436347961426)",,,False
0,"(-0.010275388009382245, -0.05598466432949867)","(-1.7669689655303955, 0.6080299615859985)",,,False
0,"(-0.10407381085101433, 0.019172035458353155)","(1.143693447113037, 2.5693931579589844)",,,False
0,"(0.04787431576287516, -0.0381629550453817)","(-0.11736001819372177, -0.7289324402809143)",,,False
0,"(0.07211942777346424, 0.02794382712239478)","(0.23661546409130096, -1.9269710779190063)",,,True
0,"(0.01527293690043771, -0.056420173264784185)","(-1.9981187582015991, 0.16931994259357452)",,,True
0,"(-0.010385962298698438, -0.09869507228545588)","(-1.8483291864395142, 0.5344516038894653)",,,True
0,"(-0.07319347313279939, 0.060749201430832456)","(0.44569364190101624, 2.542571783065796)",,,False
0,"(-0.10201099102220629, -0.09930788079870159)","(-1.0500285625457764, 1.1145331859588623)",,,True
0,"(-0.021208475485904543, -0.01795925338985919)","(-1.228690505027771, 0.9725273251533508)",,,True
0,"(-0.036950793837820003, 0.11113510809564989)","(1.9815706014633179, -0.26783934235572815)",,,True
0,"(0.09599547931699497, -0.0870651322108295)","(-1.9865999221801758, -0.36304032802581787)",,,True
0,"(0.16434086302866827, 0.08167191963256853)","(0.16147151589393616, -2.0045077800750732)",,,True
0,"(0.04555201151812883, 0.09755532861771529)","(1.3579027652740479, -0.8830868601799011)",,,False
0,"(-0.1155822247873263, -0.15854768554034526)","(-1.2690579891204834, 0.9449806213378906)",,,True
0,"(-0.11970718997348612, -0.19099802773956218)","(-1.3231807947158813, 0.9012137651443481)",,,True
0,"(-0.1318488621283069, 0.11375345396044044)","(1.9934965372085571, 0.25726547837257385)",,,True
0,"(-0.07069484482561303, 0.15035244643141674)","(1.9894651174545288, -0.2381744384765625)",,,True
0,"(0.07577943929667018, 0.060357212443699376)","(0.9638633728027344, -1.201078176498413)",,,True
0,"(0.03170410564871291, 0.0444617872426099)","(1.413212537765503, -0.8447437286376953)",,,True
0,"(-0.17092309416328777, 0.20196959122198233)","(2.0035672187805176, -0.0954311266541481)",,,True
0,"(0.01496872037491214, -0.08611145441846414)","(-1.9618403911590576, 0.3417847752571106)",,,True
0,"(-0.08365149938880528, 0.06676833549718654)","(1.9430668354034424, 0.6125999689102173)",,,True
0,"(0.0737757945149402, -0.08585700915385823)","(-0.8021170496940613, -2.684814929962158)",,,False
0,"(0.046591943177736656, 0.02378364736439996)","(0.8540078997612, -1.2907911539077759)",,,False
0,"(0.23123657592612706, 0.02433197557179778)","(-1.0571073293685913, -2.622790813446045)",,,True
0,"(-0.010683146189092219, 0.0697258373445672)","(1.9746042490005493, -0.3065788745880127)",,,True
0,"(-0.027616763533001926, 0.018175503649789895)","(0.49613437056541443, 0.615648627281189)",,,False
0,"(-0.08849230499027988, -0.08990237929749458)","(-1.099532961845398, 1.069347620010376)",,,True
0,"(0.020608362872907734, -0.139679557792299)","(-1.9299243688583374, 0.41622233390808105)",,,True
0,"(0.05247904271209019, 0.1359856060227414)","(1.6319942474365234, -0.7020657658576965)",,,True
0,"(-0.10517163121364269, -0.12273074593007119)","(-1.1866745948791504, 1.007842779159546)",,,True
0,"(-0.10675550563484809, 0.11676394526094676)","(2.006958246231079, 0.1272113025188446)",,,True
0,"(-0.033477940123344145, -0.11845650367583993)","(-1.723142385482788, 0.6374125480651855)",,,True
0,"(-0.06446985187758501, -0.15569072940135956)","(-1.5826075077056885, 0.7318943738937378)",,,True
0,"(-0.059491963546064154, 0.0008943589096317185)","(0.15910190343856812, 2.323108196258545)",,,False
0,"(-0.16997544431306744, -0.17955854407247251)","(-1.0104697942733765, 1.1454155445098877)",,,True
0,"(-0.07817923184759074, 0.04180821103050016)","(0.23182635009288788, 2.390928268432617)",,,False
0,"(0.12211730659920741, 0.08003005746764402)","(0.5538297891616821, -1.5907528400421143)",,,True
0,"(-0.23048634529405101, 0.04691367957979212)","(1.3847997188568115, 2.2745723724365234)",,,False
0,"(-0.05163745646593207, -0.11578214072113568)","(-1.594740867614746, 0.7193643450737)",,,True
0,"(-0.1443369167976129, -0.020214198399577978)","(0.21150687336921692, 2.368758201599121)",,,False
0,"(0.05110708944511749, -0.03734006195747127)","(-1.8505979776382446, -1.0719503164291382)",,,True
0,"(-0.16113456628887055, -0.10161544126031885)","(-0.46398377418518066, 1.6780534982681274)",,,True
0,"(0.00880311329210479, 0.1380177467722319)","(1.8584372997283936, -0.5191440582275391)",,,True
0,"(-0.01923771441612046, -0.15912151249391046)","(-1.8056647777557373, 0.5755996704101562)",,,True
0,"(-0.00046150715945393237, 0.12479287508892001)","(1.888227105140686, -0.4833580553531647)",,,True
0,"(-0.11709081608464217, -0.02574057618119841)","(0.1344626098871231, 2.299341917037964)",,,True
0,"(-0.1334650515319139, 0.07474083703106627)","(1.9200531244277954, 0.7744512557983398)",,,True
0,"(-0.19400278955269784, -0.16208219699349477)","(-0.7275072932243347, 1.3927322626113892)",,,True
0,"(0.007861176992105243, -0.0641170628590042)","(-1.9684295654296875, 0.3293229937553406)",,,True
0,"(-0.1063385648969743, -0.05373415058582181)","(-0.2833370268344879, 1.8659824132919312)",,,True
0,"(-0.12074497422000313, -0.09115220180497263)","(-0.7060961127281189, 1.4301137924194336)",,,True
0,"(0.15169693675528964, -0.08496994588327633)","(-0.9946779012680054, -2.618255138397217)",,,False
0,"(-0.12774886665400237, 0.06483365078163777)","(0.6902798414230347, 2.6720051765441895)",,,False
0,"(-0.03453713701984443, -0.011186113474101221)","(-0.9024101495742798, 1.2462055683135986)",,,False
0,"(-0.0435656652581264, 0.0465878710188871)","(1.964250922203064, 0.4923916459083557)",,,True
0,"(-0.03382236887326934, 0.031107760953145398)","(-0.7244462966918945, 0.9854119420051575)",,,False
0,"(-0.13897959175402805, -0.018490974715411043)","(0.14772482216358185, 2.3060462474823)",,,False
0,"(-0.072036263575581, -0.10995475469379495)","(-1.3814760446548462, 0.862623393535614)",,,True
0,"(0.302233724478267, 0.19229675873406146)","(0.3518418073654175, -1.8108024597167969)",,,True
0,"(-0.10844755355007066, 0.016226668470557447)","(1.3985813856124878, 2.272529125213623)",,,True
0,"(0.009015059838013024, 0.06459953758872775)","(1.8113768100738525, -0.5552360415458679)",,,True
0,"(0.07249069108625618, -0.0057678908025352036)","(-0.12196912616491318, -2.291166305541992)",,,False
0,"(-0.18589635129470322, 0.08218984418365442)","(1.8960729837417603, 0.9176018834114075)",,,True
0,"(-0.13322907634995348, 0.15709254756535088)","(2.0131359100341797, -0.029702836647629738)",,,True
